"","caseid","region","gender","educ","edloan","race","hispanic","employ","marstat","pid7","ideo5","pew_religimp","newsint","faminc_new","union","investor","CC18_308a","CC18_310a","CC18_310b","CC18_310c","CC18_310d","CC18_325a","CC18_325b","CC18_325c","CC18_325d","educ_category","dem_rep"
"1",417614315,3,1,2,2,1,2,5,3,6,3,1,2,1,3,2,2,2,3,3,5,1,2,1,1,"< 4-yr-Degree","Republican"
"2",415490556,1,2,6,2,1,1,1,1,2,2,3,3,12,3,2,4,3,2,5,5,2,2,2,1,"4-yr-Degree +","Democrat"
"3",414351505,3,2,3,2,2,2,1,4,2,3,1,3,4,3,1,4,2,2,2,2,1,2,1,2,"< 4-yr-Degree","Democrat"
"4",411855339,1,2,5,2,6,2,5,3,3,1,2,1,6,2,1,4,3,3,3,3,2,1,2,1,"4-yr-Degree +","Democrat"
"5",417056957,2,1,2,NA,4,2,8,5,1,1,4,2,4,3,2,4,2,1,1,1,2,2,2,1,"< 4-yr-Degree","Democrat"
"6",420208067,2,1,3,2,1,2,1,1,4,5,4,1,10,1,2,4,2,2,3,2,1,2,1,1,"< 4-yr-Degree","Independent"
"7",412517331,1,1,2,2,1,2,5,5,5,4,3,2,6,3,1,1,3,3,2,2,1,1,1,1,"< 4-yr-Degree","Republican"
"8",412873566,2,2,3,2,1,2,7,1,7,5,1,3,2,3,2,1,2,2,3,5,1,1,1,1,"< 4-yr-Degree","Republican"
"9",412948037,1,1,5,1,1,2,1,1,1,1,4,1,11,2,1,4,3,3,3,5,2,2,2,1,"4-yr-Degree +","Democrat"
"10",413463295,3,1,5,NA,1,2,1,5,1,1,3,1,2,2,2,4,2,2,2,2,2,2,2,1,"4-yr-Degree +","Democrat"
"11",415732156,3,1,6,2,1,2,1,5,6,5,4,4,16,3,2,1,2,3,2,5,2,1,1,2,"4-yr-Degree +","Republican"
"12",416479672,3,2,2,2,1,2,5,4,5,3,1,1,4,3,2,4,2,3,2,5,2,1,2,1,"< 4-yr-Degree","Republican"
"13",412984205,1,2,3,2,1,2,7,1,3,3,2,1,11,3,1,4,3,3,3,3,2,1,2,2,"< 4-yr-Degree","Democrat"
"14",413002690,3,1,6,2,1,2,1,1,6,5,1,1,11,3,1,1,2,2,2,2,1,1,1,1,"4-yr-Degree +","Republican"
"15",414239724,4,1,3,2,3,2,4,5,1,1,3,2,1,3,2,4,1,1,1,3,2,1,2,2,"< 4-yr-Degree","Democrat"
"16",412311163,3,2,3,1,2,2,1,2,1,3,2,3,3,2,1,4,3,5,2,5,2,2,2,1,"< 4-yr-Degree","Democrat"
"17",414204021,2,2,6,1,1,2,9,1,2,1,2,1,11,3,1,4,5,3,2,3,2,1,2,2,"4-yr-Degree +","Democrat"
"18",412931880,4,1,3,2,1,2,1,5,2,1,4,1,9,3,1,4,3,3,3,3,2,1,1,1,"< 4-yr-Degree","Democrat"
"19",412881399,2,2,4,2,1,2,4,5,3,1,4,3,2,3,2,4,2,5,3,2,2,1,2,1,"<4-yr-Degree","Democrat"
"20",412985437,3,2,4,2,1,2,6,3,7,3,1,1,3,2,2,1,2,3,2,2,2,2,1,1,"<4-yr-Degree","Republican"
"21",411855595,1,1,6,2,1,2,1,1,4,3,4,1,10,3,1,4,3,3,3,3,1,1,2,1,"4-yr-Degree +","Independent"
"22",413877573,1,1,5,2,1,2,3,5,3,1,4,1,8,3,2,4,2,3,3,3,2,1,2,1,"4-yr-Degree +","Democrat"
"23",414018801,4,1,6,2,1,2,1,1,6,3,3,1,12,3,2,2,2,2,2,3,1,1,1,1,"4-yr-Degree +","Republican"
"24",413425778,4,2,3,2,1,2,1,5,5,4,3,2,6,3,2,2,3,3,3,3,1,1,2,2,"< 4-yr-Degree","Republican"
"25",413859987,3,2,6,1,1,2,1,1,7,5,1,1,11,3,1,1,2,2,2,2,1,2,2,2,"4-yr-Degree +","Republican"
"26",417838480,3,1,5,2,1,2,1,4,5,1,2,1,7,3,1,1,2,3,2,NA,1,1,1,1,"4-yr-Degree +","Republican"
"27",413456067,3,1,5,2,1,2,6,5,2,1,4,4,6,3,1,4,2,2,2,3,2,1,2,1,"4-yr-Degree +","Democrat"
"28",415423745,1,1,2,NA,1,2,2,5,1,2,4,2,2,3,2,4,3,3,3,1,2,1,1,2,"< 4-yr-Degree","Democrat"
"29",414480371,1,1,5,1,1,2,1,1,4,3,1,1,9,3,1,1,3,3,3,3,1,1,1,1,"4-yr-Degree +","Independent"
"30",413336030,4,2,2,2,3,2,9,5,1,3,3,1,4,1,2,4,3,3,3,5,2,1,2,1,"< 4-yr-Degree","Democrat"
"31",413834979,3,1,5,2,1,2,5,1,4,4,2,1,10,3,1,1,3,3,3,2,1,1,1,1,"4-yr-Degree +","Independent"
"32",412503538,3,1,6,2,1,2,5,1,1,2,3,1,11,2,1,4,2,3,2,2,2,1,2,1,"4-yr-Degree +","Democrat"
"33",413497102,1,2,5,1,2,2,4,1,1,2,4,1,3,3,2,4,3,3,3,3,1,2,2,2,"4-yr-Degree +","Democrat"
"34",413084367,4,1,6,1,1,2,1,1,6,4,1,1,9,3,1,2,2,2,2,3,1,1,1,1,"4-yr-Degree +","Republican"
"35",416814438,2,2,5,2,1,2,6,5,1,1,4,2,2,3,2,4,3,3,3,3,2,1,2,1,"4-yr-Degree +","Democrat"
"36",417149621,3,1,2,2,1,2,1,1,3,3,4,2,8,3,1,4,2,2,2,2,2,1,1,1,"< 4-yr-Degree","Democrat"
"37",412380994,4,2,6,2,1,2,2,4,1,3,4,1,4,3,2,4,2,3,3,2,2,1,2,1,"4-yr-Degree +","Democrat"
"38",414884778,1,2,3,NA,1,2,8,5,1,2,4,2,13,3,1,4,3,2,2,2,2,1,1,2,"< 4-yr-Degree","Democrat"
"39",412880622,4,2,5,2,1,2,7,1,1,2,4,1,13,3,1,4,2,3,3,2,2,1,2,2,"4-yr-Degree +","Democrat"
"40",414533452,1,2,5,1,1,2,8,5,2,3,3,1,11,3,2,4,3,3,2,2,2,2,2,2,"4-yr-Degree +","Democrat"
"41",412276693,3,1,4,2,1,2,1,1,3,1,2,1,10,3,1,4,2,2,2,3,2,1,2,1,"<4-yr-Degree","Democrat"
"42",414146718,3,1,5,2,1,2,1,6,6,4,4,1,6,2,2,2,3,2,2,2,1,2,2,1,"4-yr-Degree +","Republican"
"43",415287363,4,1,6,2,1,2,1,1,3,2,1,1,4,3,1,4,3,3,3,3,2,2,2,1,"4-yr-Degree +","Democrat"
"44",412380857,4,2,6,1,1,2,1,1,7,3,2,1,9,3,2,1,2,2,2,2,1,1,1,2,"4-yr-Degree +","Republican"
"45",412118399,2,2,5,2,1,2,1,1,2,2,3,3,11,3,1,4,5,5,5,5,2,1,1,1,"4-yr-Degree +","Democrat"
"46",416806180,2,1,3,1,1,2,1,1,6,3,2,1,10,1,1,2,2,2,3,3,1,1,1,1,"< 4-yr-Degree","Republican"
"47",417080245,3,1,5,2,1,2,1,1,7,4,3,1,12,3,1,1,2,3,2,2,1,1,1,1,"4-yr-Degree +","Republican"
"48",415300641,2,2,4,2,2,2,1,5,3,2,1,1,6,3,2,3,3,3,5,NA,1,1,1,1,"<4-yr-Degree","Democrat"
"49",414628957,3,1,2,NA,1,2,1,1,2,3,3,2,4,3,2,1,2,2,2,2,2,1,1,2,"< 4-yr-Degree","Democrat"
"50",417838586,3,1,4,2,1,2,1,1,7,5,1,1,7,2,1,1,2,2,2,2,1,1,1,2,"<4-yr-Degree","Republican"
"51",415151821,3,2,2,NA,3,2,2,6,2,3,4,4,5,3,2,4,5,5,5,5,1,1,1,1,"< 4-yr-Degree","Democrat"
"52",415459688,3,2,2,2,1,2,2,1,4,3,4,4,7,3,2,3,5,5,5,5,2,1,2,1,"< 4-yr-Degree","Independent"
"53",414273888,3,2,2,2,1,2,5,1,4,3,2,3,10,3,1,3,2,3,2,3,2,2,2,1,"< 4-yr-Degree","Independent"
"54",347845625,2,2,6,1,1,1,8,1,7,4,1,1,6,3,1,1,2,2,3,3,1,1,1,1,"4-yr-Degree +","Republican"
"55",412913979,4,1,5,2,1,2,1,1,4,5,1,2,5,3,2,1,3,2,3,3,1,1,2,1,"4-yr-Degree +","Independent"
"56",418258996,4,1,4,1,3,2,8,5,3,3,3,2,1,3,2,4,3,5,5,5,2,2,1,2,"<4-yr-Degree","Democrat"
"57",412982541,3,1,3,2,1,2,1,1,5,5,1,1,7,2,1,1,2,3,2,NA,1,1,1,1,"< 4-yr-Degree","Republican"
"58",417353879,3,1,6,2,1,2,1,1,4,3,3,1,11,3,1,4,2,2,2,2,2,1,2,1,"4-yr-Degree +","Independent"
"59",412340210,4,2,6,2,1,2,5,3,2,3,2,2,7,2,2,4,3,3,5,2,2,1,1,1,"4-yr-Degree +","Democrat"
"60",416198060,3,1,3,NA,4,2,8,5,1,2,1,2,9,3,2,3,5,1,2,1,2,2,1,2,"< 4-yr-Degree","Democrat"
"61",412413445,3,2,4,1,2,2,3,5,1,3,2,2,5,3,2,1,5,3,5,5,1,1,1,1,"<4-yr-Degree","Democrat"
"62",412794640,2,2,4,2,1,2,1,6,1,3,1,3,5,3,2,4,1,5,1,5,2,2,2,1,"<4-yr-Degree","Democrat"
"63",417834862,4,2,4,2,3,2,1,1,1,2,2,1,8,1,2,4,2,2,2,2,2,2,2,1,"<4-yr-Degree","Democrat"
"64",414048247,3,1,5,1,2,2,1,1,2,3,3,1,8,3,1,3,3,2,2,2,1,1,2,1,"4-yr-Degree +","Democrat"
"65",414002460,4,2,5,2,1,2,7,1,7,5,1,3,11,3,1,2,2,3,2,2,2,1,2,1,"4-yr-Degree +","Republican"
"66",414729651,2,1,2,2,1,2,5,1,2,1,4,1,2,3,2,3,2,3,3,2,2,1,2,1,"< 4-yr-Degree","Democrat"
"67",414170804,3,1,5,2,1,2,1,5,3,3,3,3,9,3,2,4,2,5,2,5,1,1,1,1,"4-yr-Degree +","Democrat"
"68",414359624,3,2,2,NA,3,2,1,5,6,3,2,2,5,3,2,2,2,3,5,3,2,1,2,1,"< 4-yr-Degree","Republican"
"69",412021973,1,1,6,2,1,2,5,1,1,2,4,1,13,2,1,4,3,3,2,2,2,2,2,1,"4-yr-Degree +","Democrat"
"70",415455668,3,2,3,NA,1,2,8,5,5,3,1,1,5,3,2,4,2,2,2,3,2,1,1,1,"< 4-yr-Degree","Republican"
"71",414570461,2,2,4,1,3,2,2,6,2,2,3,3,3,3,2,4,5,3,1,1,2,1,1,1,"<4-yr-Degree","Democrat"
"72",414206045,3,2,1,2,2,2,4,5,2,4,1,3,5,3,2,4,3,3,3,3,2,1,1,2,"< 4-yr-Degree","Democrat"
"73",412944227,2,1,4,2,1,2,1,5,1,2,2,1,7,3,2,4,2,3,3,3,2,1,2,1,"<4-yr-Degree","Democrat"
"74",415332185,1,2,6,2,1,2,4,4,1,1,3,1,9,3,1,4,3,3,3,3,2,2,2,1,"4-yr-Degree +","Democrat"
"75",412950503,4,2,1,2,1,2,6,3,1,2,4,1,1,3,2,4,3,2,3,3,2,2,1,2,"< 4-yr-Degree","Democrat"
"76",414563002,3,2,4,2,1,2,1,1,3,3,3,2,6,3,2,4,2,5,2,2,1,1,1,1,"<4-yr-Degree","Democrat"
"77",414378813,3,2,2,NA,1,2,7,1,6,4,2,3,4,3,1,2,3,2,1,2,2,2,2,1,"< 4-yr-Degree","Republican"
"78",412348831,2,1,5,2,1,2,1,1,1,3,2,1,8,2,2,4,2,5,5,2,2,1,1,1,"4-yr-Degree +","Democrat"
"79",415289823,1,2,5,1,1,2,1,1,2,3,4,4,9,1,1,4,3,5,5,5,2,1,1,2,"4-yr-Degree +","Democrat"
"80",412929385,1,1,5,2,1,2,1,1,1,1,4,1,7,2,1,4,3,3,3,3,2,2,2,2,"4-yr-Degree +","Democrat"
"81",413013788,4,2,2,2,1,2,5,3,3,1,3,1,4,2,2,4,3,3,3,3,2,2,2,1,"< 4-yr-Degree","Democrat"
"82",413317067,2,2,3,1,1,2,9,2,1,1,1,1,2,3,2,4,2,3,3,5,2,1,2,1,"< 4-yr-Degree","Democrat"
"83",414709279,2,1,5,1,1,2,1,5,3,3,2,4,4,1,2,2,2,3,2,2,1,1,2,1,"4-yr-Degree +","Democrat"
"84",420196837,3,2,4,2,1,2,1,6,6,4,1,1,4,3,2,1,2,2,2,2,2,1,1,1,"<4-yr-Degree","Republican"
"85",416255584,2,2,2,2,1,2,5,1,7,5,1,1,4,3,2,1,1,3,2,2,2,2,2,1,"< 4-yr-Degree","Republican"
"86",412992795,3,1,2,2,1,2,2,5,7,5,1,2,2,3,2,1,2,3,2,2,1,1,1,2,"< 4-yr-Degree","Republican"
"87",412047867,2,1,5,2,1,2,1,1,7,5,1,1,11,3,2,1,2,3,3,3,1,2,2,1,"4-yr-Degree +","Republican"
"88",414179604,4,2,3,2,1,1,7,1,3,3,1,3,6,3,2,4,1,1,1,1,2,1,1,1,"< 4-yr-Degree","Democrat"
"89",412340859,2,1,4,2,1,2,5,4,4,4,2,1,4,2,1,1,2,3,3,2,1,2,1,1,"<4-yr-Degree","Independent"
"90",412942845,2,1,3,2,1,2,1,1,3,3,4,1,9,1,1,2,2,3,3,2,2,1,2,1,"< 4-yr-Degree","Democrat"
"91",417077498,3,1,6,2,3,2,1,1,1,2,3,1,15,2,1,4,2,2,2,2,2,2,2,1,"4-yr-Degree +","Democrat"
"92",412344340,4,2,3,1,1,2,2,3,3,2,3,2,2,1,2,4,3,3,5,5,2,1,2,1,"< 4-yr-Degree","Democrat"
"93",414367203,1,2,2,2,1,2,7,1,6,2,3,4,7,3,2,3,5,5,5,5,1,1,1,2,"< 4-yr-Degree","Republican"
"94",413821352,3,1,5,NA,1,2,1,1,6,4,2,2,10,1,1,2,2,4,3,2,1,1,2,2,"4-yr-Degree +","Republican"
"95",417211242,4,1,3,1,2,2,1,1,2,3,3,4,10,2,2,4,5,5,5,1,2,1,2,1,"< 4-yr-Degree","Democrat"
"96",418252134,2,1,6,1,1,2,1,1,3,3,1,1,9,1,1,4,2,2,3,2,2,1,2,1,"4-yr-Degree +","Democrat"
"97",412873793,4,2,3,2,1,2,5,5,1,3,2,4,2,2,2,4,3,3,5,5,2,1,1,1,"< 4-yr-Degree","Democrat"
"98",414402732,3,1,5,2,2,2,1,5,6,3,3,2,7,3,1,2,2,3,5,5,1,1,1,2,"4-yr-Degree +","Republican"
"99",412274316,3,2,2,2,1,2,7,1,3,2,4,1,3,3,2,4,2,2,2,2,2,1,1,1,"< 4-yr-Degree","Democrat"
"100",412306590,2,2,5,2,1,2,2,1,1,3,2,2,8,3,1,4,2,3,3,2,2,2,1,1,"4-yr-Degree +","Democrat"
"101",415931193,2,2,2,2,1,2,6,5,3,3,1,3,5,3,2,4,2,3,3,3,2,1,1,2,"< 4-yr-Degree","Democrat"
"102",414200409,4,2,5,NA,1,2,7,1,6,4,1,3,7,3,2,3,2,2,2,3,2,2,2,2,"4-yr-Degree +","Republican"
"103",420237745,3,1,5,1,1,2,8,5,1,2,1,1,3,3,2,4,2,2,2,2,2,1,1,1,"4-yr-Degree +","Democrat"
"104",412348490,4,1,4,2,1,2,6,1,3,4,2,1,5,3,1,4,5,2,3,2,1,1,1,1,"<4-yr-Degree","Democrat"
"105",414196043,3,2,4,2,1,2,8,1,1,2,2,3,2,3,2,4,5,5,5,5,1,1,1,1,"<4-yr-Degree","Democrat"
"106",417353856,4,1,6,2,1,2,5,1,1,2,3,1,10,2,1,4,3,3,3,3,2,2,2,2,"4-yr-Degree +","Democrat"
"107",415447008,3,2,5,1,1,2,8,5,6,4,1,2,8,3,2,3,5,5,2,5,1,1,1,2,"4-yr-Degree +","Republican"
"108",413307422,1,1,6,NA,1,2,1,3,6,4,3,1,11,3,1,2,3,3,2,3,1,1,1,1,"4-yr-Degree +","Republican"
"109",416386894,1,1,5,1,1,1,1,1,6,3,1,1,6,2,1,2,3,3,3,3,1,2,2,1,"4-yr-Degree +","Republican"
"110",414174679,2,2,1,2,1,2,4,5,2,4,3,3,2,3,2,4,5,5,5,5,2,2,2,2,"< 4-yr-Degree","Democrat"
"111",414615873,4,1,5,2,4,2,1,1,7,4,1,2,5,3,2,2,3,3,2,3,1,2,2,2,"4-yr-Degree +","Republican"
"112",416424077,3,2,3,2,2,2,1,5,1,1,1,2,5,3,2,4,NA,NA,NA,3,2,1,1,2,"< 4-yr-Degree","Democrat"
"113",412331497,1,1,6,1,1,2,1,3,1,1,4,1,6,2,1,4,3,3,2,2,2,2,2,1,"4-yr-Degree +","Democrat"
"114",412298157,1,1,5,2,1,2,1,1,2,3,4,1,11,3,1,4,3,3,2,NA,2,2,2,2,"4-yr-Degree +","Democrat"
"115",415899191,2,1,2,1,1,2,5,1,4,3,4,4,2,3,2,1,2,3,5,5,2,1,1,1,"< 4-yr-Degree","Independent"
"116",414349046,3,2,3,2,1,2,7,5,7,5,2,1,6,3,2,1,3,2,2,2,1,1,1,1,"< 4-yr-Degree","Republican"
"117",415217338,3,2,6,2,4,2,1,5,1,1,4,3,6,3,1,4,2,5,2,5,1,2,1,1,"4-yr-Degree +","Democrat"
"118",412355022,3,2,2,NA,1,2,5,1,6,4,2,1,6,3,1,1,3,3,3,2,1,1,2,1,"< 4-yr-Degree","Republican"
"119",417616011,2,1,2,1,1,2,1,1,7,4,1,1,7,1,2,1,2,2,3,5,1,1,1,1,"< 4-yr-Degree","Republican"
"120",418474316,4,2,3,1,4,2,1,5,3,3,3,4,9,3,1,4,1,1,1,3,1,1,1,2,"< 4-yr-Degree","Democrat"
"121",415300474,4,2,3,2,3,2,1,1,2,2,2,2,7,3,2,4,3,3,3,3,2,1,1,2,"< 4-yr-Degree","Democrat"
"122",420344153,3,1,5,2,7,2,8,3,4,3,4,1,8,2,1,1,3,2,2,2,1,1,1,1,"4-yr-Degree +","Independent"
"123",413365248,3,1,3,2,1,2,1,4,7,4,2,3,7,1,1,1,2,5,2,5,2,2,2,1,"< 4-yr-Degree","Republican"
"124",414591170,2,2,2,NA,2,2,1,1,2,4,1,1,8,3,2,4,2,2,3,3,1,2,1,2,"< 4-yr-Degree","Democrat"
"125",412330972,3,1,5,2,1,2,5,1,6,4,3,1,7,3,1,1,2,3,2,2,1,1,2,2,"4-yr-Degree +","Republican"
"126",415906201,2,1,2,2,1,2,6,1,2,3,2,2,3,3,2,4,5,3,2,2,2,1,1,1,"< 4-yr-Degree","Democrat"
"127",417080032,3,1,3,2,1,2,5,1,7,5,1,1,5,3,2,1,2,3,2,2,1,1,2,2,"< 4-yr-Degree","Republican"
"128",412331705,4,1,3,2,1,2,1,1,5,3,1,1,8,3,1,1,4,2,2,2,1,1,2,1,"< 4-yr-Degree","Republican"
"129",413192261,3,2,4,2,1,2,5,5,7,5,1,1,6,3,2,1,2,2,2,2,1,1,1,1,"<4-yr-Degree","Republican"
"130",413404307,3,2,5,1,1,2,1,1,2,2,2,4,10,3,1,4,5,5,2,3,2,2,2,1,"4-yr-Degree +","Democrat"
"131",414342904,2,2,3,NA,3,2,8,5,3,2,4,3,1,3,2,4,2,3,2,1,1,1,1,1,"< 4-yr-Degree","Democrat"
"132",415474048,3,2,2,2,1,2,5,1,2,3,2,3,4,3,2,4,2,3,3,3,2,1,1,2,"< 4-yr-Degree","Democrat"
"133",414371249,3,2,2,2,1,2,2,1,1,4,1,1,5,3,2,4,2,3,2,5,2,1,1,1,"< 4-yr-Degree","Democrat"
"134",416578010,3,1,2,2,1,2,5,1,7,4,2,1,9,2,1,1,2,3,3,3,1,1,1,1,"< 4-yr-Degree","Republican"
"135",414136190,1,1,2,2,1,2,1,4,3,2,3,1,3,2,2,4,3,3,3,2,2,1,2,1,"< 4-yr-Degree","Democrat"
"136",418962298,2,1,2,NA,1,2,1,5,3,1,4,1,4,3,2,4,5,3,5,3,2,2,2,2,"< 4-yr-Degree","Democrat"
"137",418067510,2,1,6,2,1,2,5,5,3,1,2,1,10,2,1,4,2,2,3,2,2,2,2,1,"4-yr-Degree +","Democrat"
"138",416860489,3,2,3,2,1,2,1,1,7,3,1,2,8,3,2,1,2,3,2,2,1,1,1,1,"< 4-yr-Degree","Republican"
"139",411879022,1,2,5,1,1,2,1,1,4,3,1,1,12,2,1,4,2,3,3,3,2,2,2,2,"4-yr-Degree +","Independent"
"140",412240141,1,1,6,2,1,2,1,1,3,1,2,1,9,2,1,4,2,3,3,3,2,1,2,1,"4-yr-Degree +","Democrat"
"141",412888607,1,2,2,2,1,1,6,1,2,3,2,2,4,3,2,4,3,3,3,3,2,1,1,1,"< 4-yr-Degree","Democrat"
"142",415231154,4,1,3,1,2,1,1,5,3,3,1,1,4,3,2,4,3,5,2,2,1,1,2,1,"< 4-yr-Degree","Democrat"
"143",416428983,3,2,2,2,1,2,4,1,7,5,1,1,5,3,1,1,2,2,2,2,1,1,2,1,"< 4-yr-Degree","Republican"
"144",414619068,3,1,3,NA,1,2,8,5,4,3,1,2,1,3,2,2,3,2,2,1,1,1,1,2,"< 4-yr-Degree","Independent"
"145",412307317,3,2,3,2,1,2,5,1,5,5,1,1,6,3,2,2,2,3,2,2,1,1,1,1,"< 4-yr-Degree","Republican"
"146",416244174,1,2,6,1,2,2,1,6,3,1,3,1,8,3,2,4,3,3,3,3,2,2,2,1,"4-yr-Degree +","Democrat"
"147",412991840,3,1,4,1,1,2,1,1,4,2,3,1,9,2,1,4,2,2,2,2,2,2,2,1,"<4-yr-Degree","Independent"
"148",415856200,2,1,4,2,1,2,1,6,1,2,4,2,9,1,2,4,3,5,3,5,2,1,1,1,"<4-yr-Degree","Democrat"
"149",412307472,2,2,4,2,7,2,6,6,1,2,4,1,5,3,2,4,2,2,3,3,2,1,2,1,"<4-yr-Degree","Democrat"
"150",413410045,2,2,5,1,1,2,1,1,3,3,3,1,10,3,2,4,2,3,3,3,2,2,2,1,"4-yr-Degree +","Democrat"
"151",412080189,3,1,6,2,1,2,1,1,1,1,2,2,9,3,1,4,2,3,2,3,2,1,2,1,"4-yr-Degree +","Democrat"
"152",418065455,3,1,6,2,1,2,5,3,5,4,4,1,8,3,2,1,2,3,2,3,1,1,2,1,"4-yr-Degree +","Republican"
"153",412324562,2,2,2,2,1,2,5,1,4,3,2,2,7,3,1,4,5,5,5,2,2,1,1,1,"< 4-yr-Degree","Independent"
"154",412345769,3,1,6,2,1,2,5,1,4,2,1,1,12,3,1,3,2,2,2,2,1,1,1,1,"4-yr-Degree +","Independent"
"155",417049513,4,2,2,2,6,2,5,1,1,1,4,1,5,3,1,4,3,2,3,2,2,1,2,1,"< 4-yr-Degree","Democrat"
"156",413291660,3,1,4,2,1,2,6,1,5,4,1,1,3,3,2,1,2,2,2,2,1,1,1,1,"<4-yr-Degree","Republican"
"157",412424146,1,2,2,2,1,2,1,5,7,5,1,1,6,3,2,1,3,3,3,2,1,1,2,1,"< 4-yr-Degree","Republican"
"158",414327906,2,2,1,2,1,2,5,5,6,3,4,2,2,3,2,4,2,2,3,2,2,1,2,1,"< 4-yr-Degree","Republican"
"159",417351589,1,1,6,1,1,2,1,1,4,3,4,1,8,3,1,4,3,3,2,3,2,2,2,1,"4-yr-Degree +","Independent"
"160",410750488,2,2,4,1,1,2,2,1,2,2,3,3,9,3,1,3,5,5,5,5,1,1,1,1,"<4-yr-Degree","Democrat"
"161",412949822,2,1,2,2,1,2,1,1,7,5,3,1,10,3,2,1,3,2,3,2,2,1,1,2,"< 4-yr-Degree","Republican"
"162",412297426,3,2,6,2,1,2,5,1,5,5,2,1,7,3,2,1,2,2,2,2,1,1,1,1,"4-yr-Degree +","Republican"
"163",420315117,3,1,5,2,1,2,1,1,2,2,4,1,12,2,1,4,2,3,3,3,2,1,2,1,"4-yr-Degree +","Democrat"
"164",420128803,4,2,6,2,1,2,5,1,4,2,2,1,5,2,2,4,3,3,3,3,1,2,2,1,"4-yr-Degree +","Independent"
"165",413061899,3,2,2,2,1,2,2,4,7,4,2,1,2,3,2,1,2,2,2,2,1,2,1,1,"< 4-yr-Degree","Republican"
"166",412925780,3,2,5,2,1,2,1,1,6,3,2,2,11,3,1,2,2,5,3,5,1,1,1,2,"4-yr-Degree +","Republican"
"167",416823935,4,1,2,2,1,2,1,1,1,2,4,1,9,3,1,4,3,3,3,2,2,2,2,1,"< 4-yr-Degree","Democrat"
"168",413160976,3,1,6,1,1,2,1,1,2,3,1,1,7,1,1,4,2,2,2,2,1,1,2,2,"4-yr-Degree +","Democrat"
"169",418890934,3,1,3,2,1,1,3,3,3,2,3,1,11,3,2,4,2,2,2,5,2,2,2,2,"< 4-yr-Degree","Democrat"
"170",417080152,3,1,6,2,1,2,4,1,3,2,4,1,11,3,1,4,2,2,2,2,2,2,2,1,"4-yr-Degree +","Democrat"
"171",412278455,4,2,2,2,1,2,5,3,2,3,3,3,7,2,2,3,3,3,3,3,2,1,2,1,"< 4-yr-Degree","Democrat"
"172",411859566,2,2,6,1,1,2,2,1,1,1,4,1,6,1,2,4,2,3,3,3,2,2,2,1,"4-yr-Degree +","Democrat"
"173",413105696,3,1,5,1,3,2,1,1,2,2,2,2,8,1,1,3,3,2,2,2,2,1,2,1,"4-yr-Degree +","Democrat"
"174",419282250,4,2,5,2,3,2,1,3,2,2,2,2,11,3,1,4,3,3,3,2,2,2,2,1,"4-yr-Degree +","Democrat"
"175",420160112,1,1,3,2,1,2,2,1,4,4,4,1,6,1,2,4,3,3,3,5,1,2,2,1,"< 4-yr-Degree","Independent"
"176",412855690,1,2,2,2,1,1,7,1,1,3,1,1,5,3,2,4,3,3,2,2,1,1,2,1,"< 4-yr-Degree","Democrat"
"177",412339946,2,2,1,2,1,2,7,1,7,5,2,1,5,3,2,1,3,2,5,5,1,1,1,2,"< 4-yr-Degree","Republican"
"178",416161318,3,2,6,1,4,2,1,5,4,3,1,2,7,3,1,4,NA,NA,NA,3,2,1,2,1,"4-yr-Degree +","Independent"
"179",417892910,3,2,2,NA,1,2,7,1,3,3,1,3,3,3,2,2,2,3,2,3,1,1,2,1,"< 4-yr-Degree","Democrat"
"180",414199241,2,2,2,2,1,2,5,4,1,3,2,4,3,3,2,4,2,5,3,3,2,2,2,2,"< 4-yr-Degree","Democrat"
"181",412345958,3,2,5,2,3,2,9,6,1,2,2,2,4,3,1,4,2,2,2,3,2,1,1,2,"4-yr-Degree +","Democrat"
"182",411854243,3,1,3,2,1,2,1,1,4,3,3,1,3,2,1,3,2,3,2,5,2,1,2,1,"< 4-yr-Degree","Independent"
"183",415752437,1,1,2,2,1,2,5,1,7,5,2,1,7,1,2,1,3,3,3,2,1,1,1,1,"< 4-yr-Degree","Republican"
"184",418065692,2,1,3,2,1,2,6,5,2,2,4,2,2,3,2,2,2,2,2,2,2,1,1,2,"< 4-yr-Degree","Democrat"
"185",413062346,3,1,1,2,1,2,2,3,4,4,2,3,3,3,2,2,2,3,5,5,1,1,2,2,"< 4-yr-Degree","Independent"
"186",416382952,3,2,1,NA,2,2,4,5,1,4,2,3,1,3,2,2,2,5,2,5,1,1,1,2,"< 4-yr-Degree","Democrat"
"187",412274529,2,1,5,1,1,2,1,1,3,2,1,2,10,2,2,4,2,2,3,2,2,1,2,1,"4-yr-Degree +","Democrat"
"188",410770153,1,1,6,2,1,2,5,1,1,1,3,1,13,3,1,4,3,3,2,3,2,2,2,1,"4-yr-Degree +","Democrat"
"189",416832977,1,1,5,2,4,2,1,1,4,4,4,2,8,1,1,2,3,5,5,5,NA,1,1,2,"4-yr-Degree +","Independent"
"190",414331667,4,2,5,NA,1,2,1,1,1,3,3,2,9,3,1,3,5,5,5,5,1,1,1,1,"4-yr-Degree +","Democrat"
"191",416257159,4,2,6,1,4,2,1,5,1,2,2,4,11,1,2,4,2,3,3,2,2,2,2,1,"4-yr-Degree +","Democrat"
"192",412273773,2,2,3,NA,4,2,8,5,2,3,1,4,9,3,2,2,3,5,3,5,1,1,1,2,"< 4-yr-Degree","Democrat"
"193",412022635,3,1,5,2,1,2,5,1,7,5,1,1,7,2,2,1,3,2,2,2,1,1,2,1,"4-yr-Degree +","Republican"
"194",415802716,4,2,2,2,3,2,4,1,3,3,2,2,3,3,2,4,5,2,2,3,2,1,1,2,"< 4-yr-Degree","Democrat"
"195",412275442,4,2,5,2,1,2,2,1,1,2,3,3,8,2,1,4,3,3,3,5,2,1,1,2,"4-yr-Degree +","Democrat"
"196",414223923,1,2,2,2,1,2,7,6,4,3,1,4,5,2,2,3,4,4,3,4,1,2,1,1,"< 4-yr-Degree","Independent"
"197",420231612,3,1,4,2,1,2,5,1,7,5,3,1,6,2,1,1,2,3,2,NA,1,1,1,2,"<4-yr-Degree","Republican"
"198",410941943,3,1,6,2,1,2,1,1,3,3,1,1,10,3,1,4,3,2,2,2,2,1,2,1,"4-yr-Degree +","Democrat"
"199",416974464,2,2,2,2,1,2,1,1,2,2,2,2,9,2,2,4,2,3,3,2,2,1,1,1,"< 4-yr-Degree","Democrat"
"200",419531882,3,1,5,1,3,2,1,1,3,3,1,2,8,3,1,4,2,5,2,3,2,1,1,1,"4-yr-Degree +","Democrat"
"201",410746773,3,1,5,2,1,2,2,3,7,5,1,1,3,3,1,1,2,3,2,2,1,1,2,1,"4-yr-Degree +","Republican"
"202",410904167,2,1,5,1,1,2,1,1,7,4,1,1,9,3,1,1,2,3,2,2,1,1,1,1,"4-yr-Degree +","Republican"
"203",417352647,4,1,5,2,1,2,1,1,2,2,4,1,10,3,1,4,3,3,3,3,2,1,2,2,"4-yr-Degree +","Democrat"
"204",415242245,2,2,3,NA,2,2,1,5,1,2,2,1,4,2,2,4,2,3,4,3,2,1,1,1,"< 4-yr-Degree","Democrat"
"205",414431857,3,1,5,2,3,2,1,5,4,4,1,1,8,1,1,3,2,2,2,3,1,1,1,1,"4-yr-Degree +","Independent"
"206",413066308,1,1,5,2,7,2,2,1,4,4,3,1,7,3,2,1,2,3,3,3,1,2,2,1,"4-yr-Degree +","Independent"
"207",418197276,3,1,2,2,1,2,1,1,5,4,2,1,8,3,2,1,2,2,2,2,1,2,1,1,"< 4-yr-Degree","Republican"
"208",419611863,2,2,3,1,6,2,2,6,4,2,4,2,5,3,2,4,5,5,3,2,2,2,2,2,"< 4-yr-Degree","Independent"
"209",414518088,3,2,3,2,2,2,2,4,1,3,1,1,7,3,2,4,3,3,3,2,2,1,1,1,"< 4-yr-Degree","Democrat"
"210",412954060,2,2,3,2,1,2,5,1,5,4,2,1,4,3,2,2,2,2,3,2,1,1,1,1,"< 4-yr-Degree","Republican"
"211",414195665,1,2,5,2,1,2,1,5,1,2,4,2,1,3,2,4,3,3,5,5,2,2,2,1,"4-yr-Degree +","Democrat"
"212",412369020,4,1,2,2,1,2,1,3,6,2,4,1,9,2,1,3,3,3,3,3,1,2,2,1,"< 4-yr-Degree","Republican"
"213",417615808,4,2,4,1,1,1,2,1,1,2,2,2,12,3,2,4,2,2,3,3,1,2,2,1,"<4-yr-Degree","Democrat"
"214",412306675,2,1,5,2,1,2,1,1,1,3,2,1,14,3,1,4,2,2,3,2,2,1,2,1,"4-yr-Degree +","Democrat"
"215",412899054,4,1,5,1,1,2,1,3,3,3,2,1,7,3,1,4,3,3,3,3,2,1,1,1,"4-yr-Degree +","Democrat"
"216",417130388,3,2,3,1,3,2,1,6,4,3,2,3,6,3,2,4,5,5,3,5,1,1,1,2,"< 4-yr-Degree","Independent"
"217",415325555,2,2,6,2,1,2,5,1,1,1,1,1,12,1,1,4,2,2,3,2,2,1,1,2,"4-yr-Degree +","Democrat"
"218",412873680,1,2,4,1,1,2,7,5,2,2,4,2,3,3,2,4,1,1,1,1,2,2,2,1,"<4-yr-Degree","Democrat"
"219",416553786,2,1,5,2,3,2,1,1,2,3,3,2,4,1,2,3,2,1,1,1,2,1,1,2,"4-yr-Degree +","Democrat"
"220",418251432,3,1,6,1,1,2,1,3,3,2,4,2,6,3,2,3,2,2,2,1,2,2,1,1,"4-yr-Degree +","Democrat"
"221",410940752,4,2,3,2,1,2,7,1,7,5,1,1,3,3,2,1,2,2,2,2,1,2,1,1,"< 4-yr-Degree","Republican"
"222",418299009,3,1,5,1,3,2,6,1,1,2,3,1,6,3,2,4,2,3,2,3,2,2,2,2,"4-yr-Degree +","Democrat"
"223",415924214,3,2,2,NA,1,2,1,5,6,4,1,2,4,3,1,1,2,3,2,3,1,1,2,1,"< 4-yr-Degree","Republican"
"224",414634994,3,2,1,2,1,2,6,5,4,2,4,1,8,3,2,4,2,3,2,2,2,2,1,2,"< 4-yr-Degree","Independent"
"225",415949531,3,1,2,NA,2,2,3,2,4,5,1,3,2,1,2,3,NA,NA,NA,4,2,2,2,1,"< 4-yr-Degree","Independent"
"226",419225499,2,2,5,1,1,2,6,1,5,5,1,1,9,3,1,2,3,3,3,3,1,1,2,1,"4-yr-Degree +","Republican"
"227",419521901,1,1,2,NA,1,2,1,5,6,4,2,2,10,3,1,2,3,5,2,1,2,1,1,1,"< 4-yr-Degree","Republican"
"228",412423118,4,2,3,2,1,2,1,3,1,3,1,2,7,2,1,4,3,2,2,3,2,1,1,1,"< 4-yr-Degree","Democrat"
"229",412957235,4,1,3,2,1,2,5,5,1,2,4,1,3,3,2,4,2,2,2,4,2,1,1,1,"< 4-yr-Degree","Democrat"
"230",419421301,4,1,2,NA,1,2,1,5,1,3,2,3,2,3,1,2,2,5,5,5,1,1,1,1,"< 4-yr-Degree","Democrat"
"231",413491614,1,2,6,2,1,2,1,5,1,1,3,1,9,3,1,4,3,3,3,3,2,2,1,2,"4-yr-Degree +","Democrat"
"232",417353362,3,1,6,2,1,2,5,1,7,4,4,1,8,3,1,1,3,2,2,2,1,1,1,1,"4-yr-Degree +","Republican"
"233",413621928,1,2,5,1,1,2,1,4,4,3,4,2,5,3,1,2,3,3,3,3,1,1,2,2,"4-yr-Degree +","Independent"
"234",415545619,4,1,3,NA,1,2,2,3,7,3,3,2,4,2,1,1,5,2,3,5,2,2,1,1,"< 4-yr-Degree","Republican"
"235",412354541,1,2,2,1,1,2,2,5,1,1,2,1,2,1,2,3,3,5,2,3,2,1,2,2,"< 4-yr-Degree","Democrat"
"236",413580580,3,1,6,2,4,2,1,1,5,4,1,1,12,3,1,1,3,3,3,2,1,1,1,1,"4-yr-Degree +","Republican"
"237",412341718,4,1,6,2,1,2,1,1,1,1,4,1,15,3,1,4,3,3,3,3,2,2,2,2,"4-yr-Degree +","Democrat"
"238",412468723,3,2,6,2,2,2,1,1,1,1,2,1,12,3,1,4,2,2,2,2,2,2,2,1,"4-yr-Degree +","Democrat"
"239",412936605,3,2,2,2,1,2,2,1,7,5,1,3,2,1,2,2,5,5,5,5,1,NA,NA,NA,"< 4-yr-Degree","Republican"
"240",412297019,1,2,3,2,1,2,5,1,3,3,1,1,2,3,2,4,2,4,2,2,2,1,1,1,"< 4-yr-Degree","Democrat"
"241",420170366,3,2,6,1,1,2,1,5,1,2,1,1,10,1,1,4,3,3,3,3,2,2,2,2,"4-yr-Degree +","Democrat"
"242",420291206,4,1,3,2,2,2,4,5,2,2,3,3,3,3,2,4,3,3,3,5,2,1,1,1,"< 4-yr-Degree","Democrat"
"243",417928575,3,2,5,NA,3,2,7,1,2,3,2,2,7,3,2,3,2,1,2,1,2,1,1,1,"4-yr-Degree +","Democrat"
"244",413659546,4,2,5,2,1,2,1,1,7,4,1,1,9,2,2,1,3,3,3,3,2,2,2,2,"4-yr-Degree +","Republican"
"245",410750912,1,1,5,1,1,2,1,5,7,5,1,2,3,3,1,1,3,3,2,2,1,1,1,2,"4-yr-Degree +","Republican"
"246",412448126,3,2,5,2,1,2,7,1,6,4,1,3,2,3,2,3,1,1,2,5,1,2,2,1,"4-yr-Degree +","Republican"
"247",416204318,1,1,2,2,1,2,5,3,6,4,2,1,6,2,1,2,3,3,2,NA,1,1,1,1,"< 4-yr-Degree","Republican"
"248",412506714,2,1,5,2,1,2,1,1,3,3,4,2,14,3,1,4,2,2,2,2,2,1,2,1,"4-yr-Degree +","Democrat"
"249",412872660,4,2,5,2,1,2,4,1,7,5,1,1,9,3,1,2,3,3,3,3,1,2,1,1,"4-yr-Degree +","Republican"
"250",413121467,1,2,5,1,1,2,1,1,3,1,4,1,12,2,1,4,3,3,3,2,2,1,2,1,"4-yr-Degree +","Democrat"
"251",412319708,2,2,5,2,1,2,5,3,1,3,3,1,3,2,2,4,5,3,5,5,2,2,2,2,"4-yr-Degree +","Democrat"
"252",417181768,3,2,2,2,1,2,5,1,3,3,1,2,6,3,2,4,5,2,5,2,2,1,2,2,"< 4-yr-Degree","Democrat"
"253",412933152,4,1,5,2,1,2,1,1,1,1,3,1,8,3,2,4,3,3,3,3,2,2,2,1,"4-yr-Degree +","Democrat"
"254",414383640,1,1,2,NA,1,2,4,5,3,3,1,1,4,3,2,2,5,5,5,5,1,1,1,1,"< 4-yr-Degree","Democrat"
"255",413804303,4,2,4,2,1,2,5,4,7,5,2,1,4,3,1,1,2,3,2,5,2,1,1,1,"<4-yr-Degree","Republican"
"256",412540323,3,1,3,2,1,2,6,1,5,5,1,1,4,2,2,1,2,2,2,2,1,2,2,1,"< 4-yr-Degree","Republican"
"257",414468174,1,2,3,NA,1,2,8,5,6,4,2,2,10,3,2,2,2,3,1,5,1,1,1,1,"< 4-yr-Degree","Republican"
"258",420259256,2,2,2,2,1,2,1,1,4,3,1,2,10,3,1,2,3,3,3,2,1,1,1,1,"< 4-yr-Degree","Independent"
"259",412943582,4,1,2,2,1,2,5,1,7,4,1,1,6,3,2,1,2,2,3,2,1,2,1,1,"< 4-yr-Degree","Republican"
"260",410934387,2,2,4,2,1,2,1,3,2,3,2,2,4,3,2,3,5,3,2,3,2,1,1,1,"<4-yr-Degree","Democrat"
"261",412452848,4,1,2,2,1,2,5,1,5,4,2,1,9,2,1,1,3,3,3,2,1,2,1,1,"< 4-yr-Degree","Republican"
"262",412893029,3,2,6,1,1,2,1,5,1,2,2,1,9,3,1,4,2,5,2,2,2,1,1,1,"4-yr-Degree +","Democrat"
"263",412350404,3,2,6,2,1,2,6,4,4,4,2,2,3,2,1,2,3,2,2,3,2,2,2,1,"4-yr-Degree +","Independent"
"264",416369140,3,1,2,2,1,2,5,3,5,5,3,2,3,2,2,1,2,2,2,2,1,1,2,1,"< 4-yr-Degree","Republican"
"265",416860151,2,2,4,1,1,2,1,1,1,1,4,1,9,3,1,4,2,2,3,2,1,1,1,1,"<4-yr-Degree","Democrat"
"266",412269951,1,2,6,2,1,2,1,1,1,2,4,1,9,1,1,4,3,3,3,2,2,1,2,1,"4-yr-Degree +","Democrat"
"267",414160692,1,1,2,NA,2,2,2,5,3,2,1,2,3,3,2,4,3,3,3,NA,2,2,1,2,"< 4-yr-Degree","Democrat"
"268",414473863,2,2,2,2,1,2,5,1,7,5,1,1,5,3,1,1,2,2,3,2,1,1,1,1,"< 4-yr-Degree","Republican"
"269",414332664,3,1,3,2,2,2,4,5,2,3,2,3,2,3,2,4,2,3,2,2,2,1,1,2,"< 4-yr-Degree","Democrat"
"270",412940299,1,2,3,2,3,2,1,3,2,2,4,2,6,2,2,2,3,3,3,5,2,2,2,1,"< 4-yr-Degree","Democrat"
"271",412512064,3,1,3,1,1,2,5,1,5,3,2,1,12,3,1,3,2,2,2,3,2,2,2,2,"< 4-yr-Degree","Republican"
"272",414227855,1,2,3,1,1,2,1,1,2,2,4,1,7,3,2,4,3,3,5,2,2,1,1,1,"< 4-yr-Degree","Democrat"
"273",414365698,1,2,3,1,1,2,1,5,7,5,2,2,11,3,1,1,3,3,3,5,1,1,2,1,"< 4-yr-Degree","Republican"
"274",412339519,1,2,5,1,1,2,1,1,2,3,3,1,13,3,1,4,3,3,3,3,1,2,2,1,"4-yr-Degree +","Democrat"
"275",417181683,2,2,2,2,1,2,5,1,6,2,1,2,5,3,1,1,5,5,5,5,1,1,1,1,"< 4-yr-Degree","Republican"
"276",415324770,1,2,3,1,1,2,8,5,2,3,4,3,6,3,2,4,3,2,4,4,1,1,2,1,"< 4-yr-Degree","Democrat"
"277",413314979,1,1,4,2,1,2,2,1,7,5,4,1,12,3,1,1,3,2,3,3,1,2,1,1,"<4-yr-Degree","Republican"
"278",412301293,1,1,5,2,1,2,5,1,1,1,4,1,7,1,1,4,3,3,2,2,2,1,1,1,"4-yr-Degree +","Democrat"
"279",416412572,2,1,5,2,1,2,1,1,5,3,3,1,12,3,1,3,2,3,3,3,1,1,1,1,"4-yr-Degree +","Republican"
"280",416824499,4,1,2,2,1,2,1,1,5,4,3,1,6,1,2,1,2,2,5,3,1,1,1,1,"< 4-yr-Degree","Republican"
"281",413622202,3,2,5,1,2,2,1,1,1,2,1,1,9,3,2,4,2,3,5,2,2,1,1,1,"4-yr-Degree +","Democrat"
"282",412013435,4,1,2,2,1,2,6,3,1,2,2,2,5,3,2,4,3,3,5,5,1,1,1,2,"< 4-yr-Degree","Democrat"
"283",414543500,3,2,5,2,1,2,1,5,1,2,3,2,9,3,1,4,3,3,3,3,2,1,2,1,"4-yr-Degree +","Democrat"
"284",412519845,3,1,4,1,3,2,6,5,7,5,1,1,2,3,2,2,2,3,2,3,1,1,1,1,"<4-yr-Degree","Republican"
"285",411879915,3,2,6,2,1,2,7,1,7,4,1,1,13,3,1,1,2,2,2,3,1,1,1,1,"4-yr-Degree +","Republican"
"286",414420609,3,2,1,NA,1,2,1,3,7,5,1,3,3,3,2,3,5,5,2,2,2,1,1,1,"< 4-yr-Degree","Republican"
"287",412166647,4,2,5,1,1,2,2,5,3,2,4,2,6,3,2,4,3,3,3,3,2,1,1,1,"4-yr-Degree +","Democrat"
"288",413313070,3,1,1,2,1,2,4,5,4,3,4,1,2,3,2,2,2,3,2,3,1,1,2,1,"< 4-yr-Degree","Independent"
"289",413895996,3,2,4,2,1,2,1,1,7,5,1,1,10,3,1,1,3,2,3,2,1,1,1,1,"<4-yr-Degree","Republican"
"290",419798396,1,1,2,2,1,2,6,6,5,5,4,2,3,3,2,1,3,3,2,2,1,1,1,1,"< 4-yr-Degree","Republican"
"291",412291969,4,1,3,2,1,2,4,5,6,3,1,1,4,3,2,4,2,2,2,1,2,1,2,1,"< 4-yr-Degree","Republican"
"292",412303998,1,2,3,2,1,2,5,1,4,4,1,1,5,3,2,2,2,3,3,3,1,1,1,1,"< 4-yr-Degree","Independent"
"293",413126859,1,2,5,1,4,2,6,5,4,1,3,2,2,3,1,4,2,3,3,3,2,1,1,2,"4-yr-Degree +","Independent"
"294",413497817,4,2,3,2,1,2,1,1,6,3,2,3,2,1,2,2,5,5,5,5,1,1,1,2,"< 4-yr-Degree","Republican"
"295",412374007,2,2,5,2,1,2,1,1,1,2,4,4,7,3,1,4,5,3,2,2,2,1,2,1,"4-yr-Degree +","Democrat"
"296",412012728,3,1,6,2,1,2,2,1,6,3,3,1,15,2,1,2,NA,NA,NA,3,1,1,1,1,"4-yr-Degree +","Republican"
"297",413672292,4,2,5,2,1,2,1,5,5,3,3,1,14,3,1,1,2,2,2,2,1,1,1,1,"4-yr-Degree +","Republican"
"298",410904812,3,1,5,2,1,2,9,4,4,3,3,2,3,3,2,4,2,3,2,5,2,2,1,1,"4-yr-Degree +","Independent"
"299",412374952,3,1,3,2,1,2,6,3,5,4,1,2,2,3,2,1,3,2,2,2,2,1,2,2,"< 4-yr-Degree","Republican"
"300",415183210,3,2,5,2,2,2,4,5,1,1,2,2,7,3,2,4,2,5,2,3,2,1,1,2,"4-yr-Degree +","Democrat"
"301",414212783,1,1,2,2,1,2,5,1,7,4,3,1,9,3,1,1,3,3,3,3,1,1,1,1,"< 4-yr-Degree","Republican"
"302",410689586,4,1,5,2,1,2,1,1,3,1,4,1,9,3,2,4,3,3,3,2,2,1,2,1,"4-yr-Degree +","Democrat"
"303",414281289,2,2,2,2,1,2,5,1,6,4,1,3,6,3,1,2,2,3,2,5,2,2,2,1,"< 4-yr-Degree","Republican"
"304",414316363,3,2,2,2,1,2,7,1,7,3,2,2,4,3,2,1,2,3,2,2,1,1,1,2,"< 4-yr-Degree","Republican"
"305",412961152,2,1,5,1,1,2,1,5,4,3,4,2,9,3,2,4,2,5,5,5,1,1,2,1,"4-yr-Degree +","Independent"
"306",417015985,3,2,2,2,1,2,5,5,3,1,4,1,3,3,1,4,5,1,5,1,1,1,2,1,"< 4-yr-Degree","Democrat"
"307",414404352,3,1,4,NA,3,2,8,5,4,3,1,3,2,3,2,4,2,5,2,5,1,2,2,2,"<4-yr-Degree","Independent"
"308",415304612,2,2,2,2,1,2,7,5,1,4,1,1,3,3,2,3,3,2,3,5,1,1,2,1,"< 4-yr-Degree","Democrat"
"309",417690718,4,2,3,2,3,2,1,5,5,3,4,3,3,3,2,2,2,2,3,3,1,1,2,2,"< 4-yr-Degree","Republican"
"310",417080826,1,1,5,2,1,2,1,1,5,5,1,1,12,3,1,1,3,3,3,3,1,1,1,1,"4-yr-Degree +","Republican"
"311",417617392,3,1,6,2,1,2,5,1,1,3,3,1,10,3,1,4,2,2,2,2,2,1,2,2,"4-yr-Degree +","Democrat"
"312",414518120,3,2,6,2,1,2,1,1,2,2,4,3,10,3,2,3,2,2,2,3,2,1,1,1,"4-yr-Degree +","Democrat"
"313",413458433,2,2,2,2,1,2,1,1,1,2,1,1,6,2,1,4,2,2,2,2,2,2,2,1,"< 4-yr-Degree","Democrat"
"314",415918483,4,1,5,2,1,2,1,1,4,3,2,1,12,3,2,3,3,3,3,3,1,1,1,1,"4-yr-Degree +","Independent"
"315",412879923,3,1,2,2,1,2,5,1,7,5,1,1,8,2,1,1,2,2,2,2,1,2,2,1,"< 4-yr-Degree","Republican"
"316",412903603,3,1,5,2,1,2,1,5,7,4,3,1,6,3,1,2,2,2,2,2,1,1,1,1,"4-yr-Degree +","Republican"
"317",415194074,2,2,4,NA,1,2,2,5,2,2,4,2,3,3,1,4,2,3,2,2,2,1,1,2,"<4-yr-Degree","Democrat"
"318",413204278,3,2,2,2,1,2,4,6,1,3,3,2,5,2,2,4,2,3,2,3,2,1,1,2,"< 4-yr-Degree","Democrat"
"319",413947690,3,1,4,2,2,2,5,1,1,3,3,2,7,2,2,4,2,2,2,1,2,2,2,1,"<4-yr-Degree","Democrat"
"320",417080443,4,1,2,2,1,2,5,1,7,5,2,1,11,2,1,1,3,3,3,3,1,2,2,1,"< 4-yr-Degree","Republican"
"321",414191558,3,2,2,2,1,2,7,1,3,3,1,4,9,3,2,3,3,2,2,5,1,1,1,2,"< 4-yr-Degree","Democrat"
"322",412354820,2,2,4,2,3,2,1,4,7,4,2,1,8,3,1,2,2,3,3,2,1,2,2,1,"<4-yr-Degree","Republican"
"323",414755789,4,2,2,2,1,2,7,6,5,5,1,1,4,3,2,2,2,5,5,2,1,1,2,2,"< 4-yr-Degree","Republican"
"324",414149158,4,1,3,2,1,2,1,1,6,4,1,1,12,2,1,1,3,3,3,3,1,1,2,1,"< 4-yr-Degree","Republican"
"325",413941833,2,1,2,2,1,2,5,1,5,5,1,1,3,2,2,1,2,3,2,2,2,1,2,2,"< 4-yr-Degree","Republican"
"326",411887164,4,2,3,2,1,2,1,5,7,4,4,1,2,2,2,4,3,3,3,2,2,2,2,1,"< 4-yr-Degree","Republican"
"327",415717357,1,1,5,2,1,2,1,1,6,5,1,1,4,2,1,2,3,3,3,2,1,2,2,1,"4-yr-Degree +","Republican"
"328",417835248,2,1,5,2,1,2,4,1,5,5,1,1,6,2,2,2,2,3,3,2,1,2,2,1,"4-yr-Degree +","Republican"
"329",412282737,3,1,3,2,1,2,6,1,5,5,1,1,7,3,1,1,5,3,3,2,1,1,1,1,"< 4-yr-Degree","Republican"
"330",413501475,3,1,5,2,4,2,1,1,1,2,1,1,8,3,1,4,2,2,2,2,2,1,1,1,"4-yr-Degree +","Democrat"
"331",412873954,1,2,5,2,1,2,2,1,3,1,4,2,9,3,2,4,2,3,3,3,2,1,1,1,"4-yr-Degree +","Democrat"
"332",415198395,2,1,4,1,2,2,1,5,1,4,2,1,7,3,1,4,2,2,2,3,2,2,1,1,"<4-yr-Degree","Democrat"
"333",414227390,3,1,6,2,1,2,2,1,3,2,1,1,7,2,1,1,2,3,2,5,2,1,2,1,"4-yr-Degree +","Democrat"
"334",420245662,1,1,6,2,1,2,1,1,7,4,1,1,8,3,1,3,3,3,2,2,1,1,1,1,"4-yr-Degree +","Republican"
"335",418874286,4,2,5,1,1,2,1,1,2,1,4,1,10,3,2,4,2,3,3,3,2,1,2,1,"4-yr-Degree +","Democrat"
"336",413161427,3,1,2,2,1,2,5,5,7,5,1,1,3,3,2,1,2,2,2,2,1,1,2,1,"< 4-yr-Degree","Republican"
"337",415341316,4,1,6,2,1,2,1,5,1,1,4,1,9,2,1,4,3,3,3,3,2,1,2,1,"4-yr-Degree +","Democrat"
"338",413408345,3,1,2,2,1,2,5,1,7,5,1,1,6,3,2,1,3,2,2,2,1,1,1,1,"< 4-yr-Degree","Republican"
"339",414220141,3,1,3,2,3,2,1,5,4,3,1,2,4,3,2,1,2,3,3,3,1,1,2,1,"< 4-yr-Degree","Independent"
"340",412765525,1,2,5,2,1,2,1,1,6,5,1,4,5,3,2,3,3,5,2,3,1,1,1,1,"4-yr-Degree +","Republican"
"341",414161307,3,2,6,1,2,1,1,1,5,3,1,1,10,3,1,4,2,2,3,2,1,1,2,1,"4-yr-Degree +","Republican"
"342",412866476,3,2,2,NA,1,2,2,1,6,4,1,1,7,3,1,1,3,2,2,2,1,1,1,1,"< 4-yr-Degree","Republican"
"343",420210515,4,1,3,2,1,2,1,1,4,3,2,1,6,3,2,1,5,5,5,5,2,1,1,1,"< 4-yr-Degree","Independent"
"344",414231445,3,2,3,1,1,2,6,5,1,3,4,2,1,3,2,4,2,3,5,5,2,1,1,1,"< 4-yr-Degree","Democrat"
"345",412899005,3,2,5,2,1,2,5,1,4,3,3,1,8,2,1,2,5,3,5,5,1,1,1,1,"4-yr-Degree +","Independent"
"346",419499751,3,1,2,NA,1,2,4,5,2,1,1,2,3,3,2,2,5,1,2,3,1,1,2,1,"< 4-yr-Degree","Democrat"
"347",412355402,1,2,4,2,2,2,2,5,2,4,1,2,9,1,1,4,3,3,3,2,1,1,2,1,"<4-yr-Degree","Democrat"
"348",412881090,4,2,2,2,1,2,2,5,4,3,2,3,1,1,2,4,5,5,5,5,2,2,2,2,"< 4-yr-Degree","Independent"
"349",415705586,3,2,5,2,1,2,5,3,7,4,1,1,12,3,1,1,2,2,2,2,1,1,1,1,"4-yr-Degree +","Republican"
"350",412920581,2,1,3,2,1,2,8,5,7,5,3,2,10,3,2,1,2,3,3,3,1,1,1,1,"< 4-yr-Degree","Republican"
"351",412980917,3,2,3,2,1,2,5,3,7,5,1,1,2,3,1,1,2,3,2,2,1,1,2,1,"< 4-yr-Degree","Republican"
"352",418065191,4,1,6,2,1,2,1,1,7,4,1,1,11,3,1,1,2,2,2,2,1,2,2,2,"4-yr-Degree +","Republican"
"353",413041959,2,2,5,1,3,2,1,5,2,3,2,3,10,3,1,4,1,5,1,5,2,1,1,2,"4-yr-Degree +","Democrat"
"354",415587029,3,2,2,2,1,2,1,1,7,5,1,4,7,3,2,1,2,5,5,2,1,1,2,2,"< 4-yr-Degree","Republican"
"355",415450991,1,2,5,2,1,2,2,1,6,5,2,4,4,3,1,2,5,1,1,1,2,2,1,1,"4-yr-Degree +","Republican"
"356",412518090,3,2,2,2,1,2,7,1,7,4,2,1,10,3,2,1,2,3,2,2,1,1,1,1,"< 4-yr-Degree","Republican"
"357",415226708,3,2,2,NA,1,2,8,5,2,2,1,1,16,3,2,4,2,3,2,2,1,1,1,2,"< 4-yr-Degree","Democrat"
"358",414403073,3,2,2,2,1,2,5,4,4,3,3,2,2,3,2,3,2,2,2,2,2,1,1,1,"< 4-yr-Degree","Independent"
"359",417079656,4,1,4,2,1,2,5,1,7,5,1,1,7,3,2,1,2,5,2,2,1,2,2,1,"<4-yr-Degree","Republican"
"360",413031424,3,1,2,2,1,2,1,1,5,3,2,1,13,3,2,1,3,3,3,2,1,1,2,1,"< 4-yr-Degree","Republican"
"361",414388011,2,2,2,2,1,2,5,1,2,3,2,2,6,2,2,3,2,3,2,2,2,1,1,1,"< 4-yr-Degree","Democrat"
"362",414725584,1,2,4,2,3,2,1,6,3,1,1,1,4,3,2,4,3,3,5,1,2,1,1,1,"<4-yr-Degree","Democrat"
"363",414205974,2,2,3,1,2,2,1,6,1,3,2,3,3,3,2,4,5,3,5,NA,1,1,1,1,"< 4-yr-Degree","Democrat"
"364",415377411,3,2,6,1,1,2,1,1,7,4,1,1,8,3,1,1,3,3,3,2,1,1,2,1,"4-yr-Degree +","Republican"
"365",417077729,1,1,5,2,3,2,1,5,4,3,4,1,10,1,1,2,3,3,3,1,2,2,2,1,"4-yr-Degree +","Independent"
"366",413000721,3,2,6,1,1,2,1,1,3,1,4,1,5,3,2,4,2,2,2,2,2,1,1,1,"4-yr-Degree +","Democrat"
"367",415504972,3,2,2,2,5,2,1,5,2,3,4,2,2,3,2,4,1,2,2,2,2,1,2,2,"< 4-yr-Degree","Democrat"
"368",414255330,4,2,5,1,2,2,7,5,1,2,1,3,11,2,1,3,3,3,3,2,1,2,1,1,"4-yr-Degree +","Democrat"
"369",411814710,3,2,4,2,2,2,4,3,1,1,1,1,2,3,1,4,2,2,2,5,2,1,1,1,"<4-yr-Degree","Democrat"
"370",415005936,2,2,5,NA,2,2,2,1,3,4,1,2,11,3,1,4,2,5,2,5,1,2,1,2,"4-yr-Degree +","Democrat"
"371",412319979,4,2,6,2,1,2,5,3,1,2,3,1,6,3,1,4,3,3,3,5,2,2,2,1,"4-yr-Degree +","Democrat"
"372",412879917,3,2,3,2,1,2,5,5,2,2,1,1,2,3,2,4,2,5,2,5,2,2,2,2,"< 4-yr-Degree","Democrat"
"373",417896692,2,2,2,NA,2,2,2,5,2,3,1,4,2,3,2,4,2,5,5,5,1,1,1,1,"< 4-yr-Degree","Democrat"
"374",413400265,3,2,4,2,6,2,4,3,5,1,4,2,1,3,2,3,5,5,5,5,1,1,2,1,"<4-yr-Degree","Republican"
"375",412392648,1,2,6,1,1,2,9,1,5,3,3,2,3,3,1,1,3,5,5,2,1,2,2,1,"4-yr-Degree +","Republican"
"376",414632690,3,2,5,2,1,2,2,1,7,5,1,2,7,3,1,2,2,5,2,5,1,1,2,2,"4-yr-Degree +","Republican"
"377",420241364,3,1,6,2,1,2,1,1,3,1,4,1,7,1,1,4,2,3,2,2,2,1,1,1,"4-yr-Degree +","Democrat"
"378",420180782,1,2,3,1,1,2,2,5,1,1,2,1,11,3,1,4,3,3,3,3,1,1,1,1,"< 4-yr-Degree","Democrat"
"379",419411673,3,2,6,1,1,2,1,1,7,5,1,1,12,3,2,1,2,2,2,2,1,2,2,1,"4-yr-Degree +","Republican"
"380",417351569,1,1,6,2,1,2,1,2,1,3,1,1,7,3,1,4,3,3,2,3,2,2,2,1,"4-yr-Degree +","Democrat"
"381",414235619,3,2,2,2,2,2,7,1,1,3,1,2,4,3,2,4,2,3,2,3,1,1,2,1,"< 4-yr-Degree","Democrat"
"382",416860483,3,2,2,2,1,2,5,1,1,2,2,1,10,3,1,4,2,3,2,3,2,2,2,1,"< 4-yr-Degree","Democrat"
"383",412888067,2,1,5,2,1,2,1,1,7,4,1,1,8,2,1,1,2,3,3,2,1,2,2,1,"4-yr-Degree +","Republican"
"384",417615096,4,1,2,NA,2,2,1,5,3,1,4,1,7,1,2,4,3,3,3,5,2,2,1,1,"< 4-yr-Degree","Democrat"
"385",411868473,4,1,5,2,1,2,5,3,2,1,4,1,3,2,2,4,3,3,3,2,2,1,2,2,"4-yr-Degree +","Democrat"
"386",413778029,3,1,5,2,1,2,1,1,5,5,1,1,11,2,1,2,2,2,2,5,1,2,2,1,"4-yr-Degree +","Republican"
"387",413034618,3,2,2,2,1,2,5,6,2,2,1,3,2,3,2,4,2,2,2,2,2,2,2,2,"< 4-yr-Degree","Democrat"
"388",412874958,4,2,5,2,1,2,2,1,2,2,2,3,4,3,2,4,3,3,3,3,2,1,2,2,"4-yr-Degree +","Democrat"
"389",414161370,3,2,2,2,1,2,5,1,1,2,4,1,11,3,1,4,2,3,2,2,2,1,2,1,"< 4-yr-Degree","Democrat"
"390",410535466,3,2,3,1,1,2,2,1,1,1,3,1,6,3,1,4,2,3,2,2,2,2,2,1,"< 4-yr-Degree","Democrat"
"391",412245935,3,2,5,2,2,2,1,1,1,3,1,1,7,2,2,4,2,3,2,3,2,2,2,1,"4-yr-Degree +","Democrat"
"392",412911479,3,1,4,2,1,2,6,3,3,1,4,1,2,3,2,4,2,2,2,2,2,2,2,1,"<4-yr-Degree","Democrat"
"393",417352809,1,1,6,2,1,2,5,1,1,1,1,1,9,3,2,4,3,3,2,3,2,2,2,2,"4-yr-Degree +","Democrat"
"394",411869164,4,2,1,2,1,2,5,3,5,3,2,1,4,3,2,2,3,3,3,5,2,1,1,1,"< 4-yr-Degree","Republican"
"395",415231066,3,2,5,2,1,2,1,5,6,4,2,2,7,3,1,2,3,2,2,5,1,1,2,2,"4-yr-Degree +","Republican"
"396",412992781,1,1,2,2,1,2,5,1,7,4,3,1,5,3,1,1,2,4,2,3,1,1,2,1,"< 4-yr-Degree","Republican"
"397",420272589,3,1,6,2,1,2,1,1,1,1,4,1,8,2,1,4,2,3,2,2,2,1,2,2,"4-yr-Degree +","Democrat"
"398",415196920,2,2,2,2,4,2,7,1,7,3,1,2,6,3,2,2,5,5,5,5,1,1,1,1,"< 4-yr-Degree","Republican"
"399",412619479,2,1,5,1,1,2,1,1,7,5,1,1,13,3,1,2,2,2,3,2,1,1,2,1,"4-yr-Degree +","Republican"
"400",416395975,1,1,2,2,1,2,1,1,7,5,3,2,5,3,2,1,3,2,2,2,1,1,1,1,"< 4-yr-Degree","Republican"
"401",413145070,2,1,2,2,1,2,2,4,1,1,4,1,3,3,2,4,2,2,3,2,2,2,2,1,"< 4-yr-Degree","Democrat"
"402",412012719,4,2,6,2,1,2,5,1,7,5,1,1,11,2,1,1,3,3,3,3,1,2,2,1,"4-yr-Degree +","Republican"
"403",418249092,3,1,6,1,1,2,1,1,5,4,3,1,12,3,1,2,2,2,2,2,1,2,1,1,"4-yr-Degree +","Republican"
"404",415222309,2,2,2,2,1,2,1,5,4,2,3,3,4,3,1,3,2,3,2,1,2,2,2,1,"< 4-yr-Degree","Independent"
"405",412899039,2,1,5,2,1,2,1,5,3,2,4,1,5,1,1,4,2,3,3,2,2,1,2,2,"4-yr-Degree +","Democrat"
"406",415712540,2,1,2,2,1,2,7,6,2,2,4,1,7,3,2,2,2,3,3,5,1,1,1,2,"< 4-yr-Degree","Democrat"
"407",412544849,3,1,6,2,1,1,4,1,6,3,2,1,5,3,2,1,2,3,2,3,1,2,1,2,"4-yr-Degree +","Republican"
"408",411851937,3,2,2,2,1,2,6,5,2,3,1,1,3,NA,2,4,2,2,2,3,1,1,1,1,"< 4-yr-Degree","Democrat"
"409",414227957,3,1,5,2,2,2,4,5,1,3,2,2,1,3,1,3,2,3,2,3,1,1,2,1,"4-yr-Degree +","Democrat"
"410",414211281,3,2,2,2,1,2,5,4,4,2,1,4,2,3,2,2,2,3,3,2,2,1,2,1,"< 4-yr-Degree","Independent"
"411",411800829,2,2,5,2,1,2,7,1,2,4,2,2,10,3,1,2,2,2,3,2,1,1,2,1,"4-yr-Degree +","Democrat"
"412",411896870,4,1,3,2,1,2,1,1,4,5,1,1,11,2,2,1,3,3,3,2,1,2,1,1,"< 4-yr-Degree","Independent"
"413",412318843,1,1,4,1,1,2,1,1,6,3,2,3,10,3,2,2,2,3,3,5,2,2,2,1,"<4-yr-Degree","Republican"
"414",415655927,2,2,5,1,1,2,1,5,3,2,2,3,7,3,2,4,5,3,5,5,1,1,2,1,"4-yr-Degree +","Democrat"
"415",418916383,1,1,6,1,1,2,1,1,5,2,1,2,10,1,1,1,2,3,3,3,1,2,1,2,"4-yr-Degree +","Republican"
"416",413131138,2,2,5,1,1,2,1,5,7,4,1,1,7,3,2,1,2,2,3,5,1,1,2,1,"4-yr-Degree +","Republican"
"417",412311035,3,1,6,1,1,2,7,1,3,3,3,2,3,3,2,3,3,2,2,2,2,1,1,1,"4-yr-Degree +","Democrat"
"418",415953302,3,1,3,2,1,2,6,5,7,5,2,1,8,3,2,1,2,2,2,2,1,1,1,1,"< 4-yr-Degree","Republican"
"419",412374703,2,2,3,1,1,2,2,6,1,1,4,1,1,3,2,4,2,3,5,2,2,1,2,1,"< 4-yr-Degree","Democrat"
"420",413167298,1,2,5,2,1,2,1,3,7,5,1,2,10,3,1,1,3,3,3,2,1,2,2,1,"4-yr-Degree +","Republican"
"421",417167365,2,2,2,1,1,2,2,1,7,5,1,1,2,1,2,1,2,2,2,2,1,1,1,1,"< 4-yr-Degree","Republican"
"422",412410103,3,2,4,2,1,2,5,4,1,2,1,1,4,1,2,4,2,3,2,5,2,1,2,2,"<4-yr-Degree","Democrat"
"423",419256351,3,1,2,NA,1,2,1,5,4,3,1,3,13,3,1,3,5,5,5,5,1,2,1,1,"< 4-yr-Degree","Independent"
"424",413992000,4,1,5,NA,1,2,1,1,2,1,2,1,10,1,1,4,3,3,5,5,1,1,1,2,"4-yr-Degree +","Democrat"
"425",416480233,4,2,2,2,1,2,5,5,2,3,3,2,5,1,1,4,3,3,3,3,2,2,1,1,"< 4-yr-Degree","Democrat"
"426",413400296,3,2,3,1,1,2,1,3,7,5,1,2,6,3,2,1,2,2,2,2,1,1,2,1,"< 4-yr-Degree","Republican"
"427",412900035,4,2,4,1,1,2,6,1,4,1,2,1,6,3,2,4,3,2,3,2,2,2,2,2,"<4-yr-Degree","Independent"
"428",414151510,3,2,2,2,1,2,5,3,4,4,4,1,1,3,2,3,5,5,2,5,2,1,2,1,"< 4-yr-Degree","Independent"
"429",418065089,2,1,6,2,1,2,5,1,7,4,2,1,3,2,1,1,2,3,2,2,1,1,2,1,"4-yr-Degree +","Republican"
"430",412294020,3,2,6,2,1,2,5,1,7,5,2,1,5,3,1,1,2,2,2,2,2,1,1,1,"4-yr-Degree +","Republican"
"431",413554064,3,2,5,2,1,2,5,4,5,4,1,1,6,3,2,1,2,2,2,2,1,1,2,1,"4-yr-Degree +","Republican"
"432",413409413,3,2,5,2,1,2,7,1,3,3,4,1,10,3,1,4,3,2,2,2,2,1,2,2,"4-yr-Degree +","Democrat"
"433",417000795,3,2,2,2,1,2,5,3,7,3,1,1,6,3,2,1,2,5,5,2,1,1,2,1,"< 4-yr-Degree","Republican"
"434",412736795,4,2,5,2,1,2,1,1,2,2,1,1,7,2,2,4,2,2,2,3,2,2,2,2,"4-yr-Degree +","Democrat"
"435",417514349,1,1,2,2,1,2,5,1,4,3,4,2,9,2,1,2,3,3,3,3,1,2,2,1,"< 4-yr-Degree","Independent"
"436",415528311,3,1,2,2,1,2,4,5,4,4,4,4,2,3,2,3,5,5,5,5,2,2,1,2,"< 4-yr-Degree","Independent"
"437",412038393,3,2,4,2,1,2,1,1,6,4,1,1,10,3,1,2,2,3,3,3,1,1,1,2,"<4-yr-Degree","Republican"
"438",417328857,2,2,6,1,1,2,8,1,1,2,2,2,7,3,2,4,2,5,3,3,2,1,1,1,"4-yr-Degree +","Democrat"
"439",415877708,2,1,2,2,1,2,5,1,4,4,4,3,4,3,1,4,2,3,3,3,2,1,1,1,"< 4-yr-Degree","Independent"
"440",416895771,4,2,3,2,1,2,5,4,7,4,1,1,9,3,1,1,3,3,3,3,1,2,1,1,"< 4-yr-Degree","Republican"
"441",412933861,1,2,2,2,1,2,6,4,5,3,2,3,2,3,2,1,3,5,3,5,1,1,1,1,"< 4-yr-Degree","Republican"
"442",414175310,3,2,2,2,1,2,6,5,7,5,1,1,5,3,1,1,2,2,2,2,1,1,1,1,"< 4-yr-Degree","Republican"
"443",417618078,2,1,3,2,1,2,2,1,7,5,1,1,9,1,1,1,2,3,3,2,1,1,1,1,"< 4-yr-Degree","Republican"
"444",414311569,3,1,3,2,2,2,1,5,2,2,3,2,4,3,2,4,2,1,2,3,1,1,1,2,"< 4-yr-Degree","Democrat"
"445",414203529,2,2,2,2,1,2,5,1,7,2,1,2,4,3,1,1,2,3,2,2,1,1,1,1,"< 4-yr-Degree","Republican"
"446",413276863,2,2,5,2,1,2,2,1,1,3,4,1,13,2,1,4,2,3,5,2,2,1,1,1,"4-yr-Degree +","Democrat"
"447",412656741,4,2,4,2,1,2,7,1,7,5,1,2,11,3,2,1,3,3,3,3,1,2,1,2,"<4-yr-Degree","Republican"
"448",416051768,4,1,2,2,1,2,5,1,4,3,2,2,5,3,2,2,2,2,2,2,2,1,1,2,"< 4-yr-Degree","Independent"
"449",411666091,4,2,3,2,1,2,1,1,7,4,3,1,7,3,1,1,3,3,3,2,1,2,1,1,"< 4-yr-Degree","Republican"
"450",412286683,1,1,6,1,5,2,1,1,6,4,1,2,11,2,1,1,3,3,2,3,1,1,1,1,"4-yr-Degree +","Republican"
"451",412528495,1,2,5,1,6,2,1,1,2,1,2,1,10,3,1,4,3,3,2,2,2,1,2,2,"4-yr-Degree +","Democrat"
"452",410656606,3,2,5,2,1,2,1,1,7,5,1,2,8,3,1,1,3,5,5,2,2,1,1,1,"4-yr-Degree +","Republican"
"453",414196311,3,2,4,2,3,2,1,1,2,2,1,2,5,3,1,4,3,3,2,2,1,2,1,1,"<4-yr-Degree","Democrat"
"454",417619944,1,1,3,2,1,2,5,4,7,5,1,1,3,2,1,1,3,3,2,2,2,1,1,1,"< 4-yr-Degree","Republican"
"455",413836838,4,2,3,2,1,2,2,2,1,2,NA,1,3,3,2,4,3,3,3,2,2,1,1,1,"< 4-yr-Degree","Democrat"
"456",414223724,2,1,3,NA,3,2,2,5,7,3,3,2,3,2,2,2,3,3,2,3,2,1,2,2,"< 4-yr-Degree","Republican"
"457",412880171,4,2,5,2,1,2,1,1,1,1,1,1,11,2,2,4,2,2,2,2,2,2,2,2,"4-yr-Degree +","Democrat"
"458",416801919,3,1,5,2,3,2,1,5,6,4,2,3,12,3,2,2,NA,NA,NA,5,1,1,2,1,"4-yr-Degree +","Republican"
"459",415483714,1,2,2,NA,2,1,1,1,1,1,2,2,8,3,2,4,3,3,3,3,1,1,2,2,"< 4-yr-Degree","Democrat"
"460",416763015,2,2,5,2,1,2,1,1,7,4,1,2,9,3,1,1,2,2,2,2,2,2,2,2,"4-yr-Degree +","Republican"
"461",420191229,2,1,3,2,1,2,4,2,4,3,2,1,4,2,2,2,2,5,3,2,1,2,2,1,"< 4-yr-Degree","Independent"
"462",412334398,3,2,6,2,1,2,5,5,1,1,4,1,4,3,1,4,2,3,2,3,2,1,2,1,"4-yr-Degree +","Democrat"
"463",414259021,2,1,3,2,2,2,1,6,2,3,2,2,7,2,1,2,2,3,3,3,2,2,1,1,"< 4-yr-Degree","Democrat"
"464",415267229,3,2,3,1,1,2,2,5,7,5,1,4,6,3,2,2,2,2,2,2,1,1,1,2,"< 4-yr-Degree","Republican"
"465",412044645,4,2,4,2,1,2,6,6,3,1,4,1,8,3,2,4,3,3,3,2,2,1,1,1,"<4-yr-Degree","Democrat"
"466",412900800,4,2,5,1,1,2,7,3,2,2,4,2,2,3,2,4,3,3,3,2,2,2,2,1,"4-yr-Degree +","Democrat"
"467",413081505,4,2,3,2,1,2,6,5,1,2,2,2,4,3,2,4,3,3,3,3,2,2,2,1,"< 4-yr-Degree","Democrat"
"468",414169770,4,2,5,2,1,2,1,1,2,1,4,3,11,3,1,1,5,3,2,5,2,1,1,1,"4-yr-Degree +","Democrat"
"469",413982519,2,1,2,2,1,2,1,1,5,4,2,2,7,3,2,2,5,2,5,5,2,1,1,1,"< 4-yr-Degree","Republican"
"470",417077403,3,2,5,2,1,1,1,1,1,1,4,1,10,3,2,4,3,3,3,3,2,1,2,2,"4-yr-Degree +","Democrat"
"471",414877585,4,2,3,2,2,1,5,5,1,3,1,1,11,2,2,4,3,3,3,3,2,1,2,2,"< 4-yr-Degree","Democrat"
"472",412375254,2,1,2,1,1,2,5,1,7,4,1,1,9,3,1,1,2,2,3,2,1,1,1,1,"< 4-yr-Degree","Republican"
"473",412340928,2,2,5,1,1,2,1,1,5,4,2,1,7,3,1,1,2,3,3,2,1,1,1,1,"4-yr-Degree +","Republican"
"474",412452422,4,2,3,2,1,2,4,4,1,2,2,1,1,3,2,4,3,3,3,2,2,1,2,1,"< 4-yr-Degree","Democrat"
"475",415998497,1,1,3,NA,1,2,1,5,1,1,4,1,5,3,2,4,3,3,3,2,2,2,1,1,"< 4-yr-Degree","Democrat"
"476",413705266,2,1,5,2,4,2,1,1,5,5,3,1,13,3,1,1,2,3,3,2,1,1,2,1,"4-yr-Degree +","Republican"
"477",411860946,2,1,5,2,1,2,7,1,5,4,1,1,8,2,1,1,2,3,3,3,1,1,2,1,"4-yr-Degree +","Republican"
"478",412890965,2,2,2,2,1,2,6,3,7,5,1,1,6,3,1,1,5,3,5,5,1,1,1,1,"< 4-yr-Degree","Republican"
"479",410742991,4,2,5,2,1,2,6,4,1,2,4,1,6,2,1,4,2,3,2,3,2,2,2,1,"4-yr-Degree +","Democrat"
"480",417837925,1,1,3,NA,1,2,1,1,4,4,1,1,13,3,1,2,3,3,3,2,1,2,2,1,"< 4-yr-Degree","Independent"
"481",415151875,1,2,1,2,1,2,6,6,2,3,1,2,3,3,2,2,3,2,3,2,1,1,1,2,"< 4-yr-Degree","Democrat"
"482",414219984,2,2,2,2,1,2,7,6,2,3,3,3,3,3,2,4,3,3,3,3,2,2,2,2,"< 4-yr-Degree","Democrat"
"483",410948824,3,1,4,2,1,2,1,1,7,5,1,1,6,3,1,2,2,3,2,2,1,2,1,2,"<4-yr-Degree","Republican"
"484",415208638,3,2,3,2,3,2,1,5,4,3,1,1,6,3,2,4,2,1,2,1,2,1,1,2,"< 4-yr-Degree","Independent"
"485",413291424,3,1,4,2,1,2,1,1,7,5,1,1,10,1,1,1,2,2,2,2,1,2,1,1,"<4-yr-Degree","Republican"
"486",420128783,3,2,5,1,1,2,1,1,1,1,4,1,5,3,2,4,2,2,2,5,2,2,2,2,"4-yr-Degree +","Democrat"
"487",414228521,2,1,5,1,1,2,2,5,4,3,2,1,3,3,2,4,2,2,2,2,2,2,2,1,"4-yr-Degree +","Independent"
"488",410931571,3,2,4,2,1,2,5,1,2,3,2,2,4,3,2,4,3,2,2,2,2,1,2,1,"<4-yr-Degree","Democrat"
"489",416916992,1,1,4,NA,3,2,1,5,7,4,3,2,12,3,2,1,3,3,3,2,1,2,1,2,"<4-yr-Degree","Republican"
"490",417080366,2,1,6,2,1,2,5,1,7,4,3,1,11,3,1,1,2,3,3,2,1,1,2,1,"4-yr-Degree +","Republican"
"491",414434758,4,1,5,2,2,2,1,1,1,4,1,1,10,3,2,4,3,3,3,3,1,1,1,1,"4-yr-Degree +","Democrat"
"492",412285799,3,2,2,2,1,2,7,1,1,2,1,1,3,2,2,4,2,3,2,2,2,1,2,1,"< 4-yr-Degree","Democrat"
"493",417841446,1,2,2,NA,1,2,7,3,4,3,1,1,1,3,2,2,5,5,5,2,1,2,2,2,"< 4-yr-Degree","Independent"
"494",415203324,3,2,2,2,1,2,2,1,2,1,4,3,5,3,2,3,1,5,1,1,1,1,1,2,"< 4-yr-Degree","Democrat"
"495",413112421,3,2,6,1,6,2,1,1,4,3,1,1,9,3,1,4,3,2,3,3,2,2,2,1,"4-yr-Degree +","Independent"
"496",410661738,3,1,5,1,1,2,8,5,3,2,4,2,10,3,2,4,2,3,2,2,2,2,1,1,"4-yr-Degree +","Democrat"
"497",413440916,3,2,3,2,1,2,5,1,3,3,2,2,12,2,1,4,2,3,2,2,1,2,2,1,"< 4-yr-Degree","Democrat"
"498",414281407,4,1,3,2,2,2,1,1,2,2,2,4,6,1,2,2,2,1,1,1,1,1,1,1,"< 4-yr-Degree","Democrat"
"499",417618233,4,1,6,2,1,2,5,6,1,1,4,1,11,2,1,4,3,3,3,3,2,1,2,1,"4-yr-Degree +","Democrat"
"500",413835774,1,2,5,1,1,2,1,1,4,3,2,1,10,3,2,1,3,3,2,2,1,1,1,1,"4-yr-Degree +","Independent"
"501",417081276,3,1,6,2,1,2,1,3,4,3,4,1,11,3,1,3,2,3,3,3,1,1,2,1,"4-yr-Degree +","Independent"
"502",417080173,4,1,5,NA,1,2,5,1,6,4,4,1,6,3,1,1,3,3,3,3,1,1,2,1,"4-yr-Degree +","Republican"
"503",420046397,3,1,6,2,6,1,9,1,5,3,4,1,11,3,1,1,NA,NA,NA,3,1,2,1,1,"4-yr-Degree +","Republican"
"504",417299439,3,2,2,2,2,1,1,1,7,5,1,1,5,3,2,3,2,3,2,3,2,1,2,2,"< 4-yr-Degree","Republican"
"505",412292805,3,2,3,2,1,2,5,3,1,2,1,2,9,3,2,4,3,2,2,3,2,1,1,1,"< 4-yr-Degree","Democrat"
"506",420130919,2,1,6,2,1,2,1,1,7,4,1,1,11,3,1,2,2,3,3,2,1,2,2,1,"4-yr-Degree +","Republican"
"507",418941207,3,2,5,1,1,2,1,3,2,3,4,2,7,3,2,4,2,3,5,5,2,2,2,2,"4-yr-Degree +","Democrat"
"508",412888236,3,2,2,2,1,2,7,1,7,5,1,4,2,3,2,1,5,5,5,5,1,1,1,1,"< 4-yr-Degree","Republican"
"509",414756106,2,1,5,NA,1,2,1,5,3,3,4,3,7,3,1,4,2,3,3,1,2,1,1,1,"4-yr-Degree +","Democrat"
"510",417835860,3,1,6,NA,1,2,1,5,1,1,3,1,9,3,2,4,NA,NA,NA,3,2,1,2,1,"4-yr-Degree +","Democrat"
"511",412480417,2,2,3,2,1,2,1,1,1,3,2,3,6,3,1,4,2,2,2,2,1,1,1,1,"< 4-yr-Degree","Democrat"
"512",412374928,3,1,5,2,1,2,5,1,7,4,1,1,8,3,1,1,2,2,2,2,1,2,2,1,"4-yr-Degree +","Republican"
"513",412335974,2,1,3,2,1,2,5,1,3,1,4,1,9,3,2,4,2,2,3,2,2,2,2,1,"< 4-yr-Degree","Democrat"
"514",416428647,1,2,1,NA,2,2,2,5,1,4,3,2,8,3,2,2,2,4,2,2,2,2,2,1,"< 4-yr-Degree","Democrat"
"515",413703745,2,2,2,2,7,2,5,1,7,5,1,1,9,2,1,1,2,2,2,2,1,1,2,1,"< 4-yr-Degree","Republican"
"516",411983939,1,2,3,2,1,2,5,5,1,3,3,2,3,2,2,4,3,3,3,3,2,2,2,1,"< 4-yr-Degree","Democrat"
"517",410747552,2,2,6,1,1,2,1,5,2,3,2,2,3,3,2,4,2,2,3,1,2,2,2,1,"4-yr-Degree +","Democrat"
"518",414937019,3,1,3,2,3,2,2,5,3,4,1,2,6,3,2,4,2,2,2,2,1,1,1,2,"< 4-yr-Degree","Democrat"
"519",416172727,3,1,2,2,1,2,5,1,7,5,1,2,4,3,1,1,2,2,2,2,1,1,1,1,"< 4-yr-Degree","Republican"
"520",414609001,4,2,2,2,1,2,1,1,4,3,4,2,4,3,2,3,3,3,3,2,2,1,2,1,"< 4-yr-Degree","Independent"
"521",417616583,2,2,4,1,3,2,1,6,7,4,2,1,8,3,2,1,2,5,5,5,2,1,1,1,"<4-yr-Degree","Republican"
"522",412243434,3,1,5,1,1,2,1,5,1,2,1,1,9,3,1,4,2,3,2,NA,2,1,1,1,"4-yr-Degree +","Democrat"
"523",413529185,2,2,2,2,1,2,1,3,1,4,1,1,4,3,2,2,2,3,3,4,1,1,1,2,"< 4-yr-Degree","Democrat"
"524",414260258,4,2,6,1,7,2,1,1,4,3,1,3,7,1,2,3,3,2,2,3,2,1,1,1,"4-yr-Degree +","Independent"
"525",413152707,2,2,3,1,1,2,1,1,7,5,1,1,8,3,2,1,2,3,2,2,1,1,1,1,"< 4-yr-Degree","Republican"
"526",413134701,1,2,1,2,2,2,5,5,1,3,1,1,1,1,2,3,3,2,3,2,2,1,2,1,"< 4-yr-Degree","Democrat"
"527",418251869,2,1,5,1,1,2,1,1,1,1,4,1,5,3,2,4,2,3,2,2,2,1,2,1,"4-yr-Degree +","Democrat"
"528",413916986,2,2,2,2,1,2,6,1,7,4,4,1,7,2,1,1,2,3,3,2,1,1,1,1,"< 4-yr-Degree","Republican"
"529",414305601,3,2,2,1,1,2,2,2,6,4,2,3,11,3,2,2,3,2,2,5,1,1,1,1,"< 4-yr-Degree","Republican"
"530",417351561,1,1,6,2,1,2,5,1,5,4,2,1,9,3,1,1,3,3,2,3,1,2,2,1,"4-yr-Degree +","Republican"
"531",414342012,3,2,5,1,1,2,7,5,3,3,4,3,5,3,2,2,2,1,1,1,1,1,1,2,"4-yr-Degree +","Democrat"
"532",416223768,3,2,2,NA,1,2,8,5,3,3,4,2,7,3,2,3,1,5,2,2,2,1,2,1,"< 4-yr-Degree","Democrat"
"533",414359691,3,2,3,2,1,2,4,5,2,3,2,2,5,3,2,3,2,2,5,2,2,1,2,1,"< 4-yr-Degree","Democrat"
"534",413873017,3,2,2,2,1,2,4,5,7,5,2,2,3,3,2,1,2,3,2,5,1,1,1,1,"< 4-yr-Degree","Republican"
"535",415967795,3,1,3,NA,1,2,8,5,2,2,3,2,7,3,2,4,2,2,3,4,2,1,2,2,"< 4-yr-Degree","Democrat"
"536",413120186,4,2,5,2,1,2,2,5,3,2,2,2,7,3,2,4,3,3,3,3,2,2,2,2,"4-yr-Degree +","Democrat"
"537",417182725,3,2,2,2,1,2,4,5,4,4,4,2,4,3,2,3,2,3,2,2,1,1,2,1,"< 4-yr-Degree","Independent"
"538",415451641,2,2,6,1,1,2,1,1,1,2,2,2,10,3,2,4,2,5,3,2,2,1,1,2,"4-yr-Degree +","Democrat"
"539",418064298,3,1,5,2,1,2,5,1,7,5,1,1,9,3,1,1,2,2,2,2,1,2,2,1,"4-yr-Degree +","Republican"
"540",410746326,2,1,4,2,1,2,4,5,5,3,3,1,6,3,2,2,3,3,3,2,1,1,1,1,"<4-yr-Degree","Republican"
"541",415258128,1,2,5,1,1,2,1,5,1,1,3,2,6,3,2,4,3,3,3,3,2,1,2,1,"4-yr-Degree +","Democrat"
"542",413840545,3,2,4,2,1,2,6,1,7,4,2,1,4,2,1,1,2,3,2,3,1,1,1,1,"<4-yr-Degree","Republican"
"543",416340549,2,2,2,2,1,2,5,1,7,3,2,2,7,2,2,1,2,3,5,5,1,1,1,1,"< 4-yr-Degree","Republican"
"544",414210088,4,2,2,2,1,2,6,1,7,4,4,2,7,3,2,2,2,3,3,3,2,1,1,2,"< 4-yr-Degree","Republican"
"545",414441761,1,2,2,NA,1,2,1,5,7,4,3,1,6,3,2,1,3,1,5,1,1,1,1,1,"< 4-yr-Degree","Republican"
"546",411854286,4,1,3,2,1,2,5,1,4,3,3,1,5,3,1,3,3,3,3,3,2,1,2,1,"< 4-yr-Degree","Independent"
"547",414598151,3,2,5,2,3,2,5,5,6,4,1,2,2,3,2,2,2,3,5,5,2,1,1,1,"4-yr-Degree +","Republican"
"548",413669980,1,2,2,2,1,2,2,1,6,3,3,3,8,3,2,1,2,4,3,2,1,1,1,2,"< 4-yr-Degree","Republican"
"549",413065258,3,2,5,1,1,2,7,1,1,2,4,1,5,3,2,4,2,2,2,2,2,1,1,2,"4-yr-Degree +","Democrat"
"550",418064125,4,1,6,1,1,1,1,1,4,3,2,2,9,3,2,4,2,3,2,2,2,2,2,1,"4-yr-Degree +","Independent"
"551",412893380,3,1,3,2,1,2,1,1,2,2,4,1,11,3,1,4,2,2,2,2,2,1,2,1,"< 4-yr-Degree","Democrat"
"552",417224933,2,1,3,1,1,2,1,1,2,3,2,2,10,2,1,3,2,2,3,3,1,1,1,1,"< 4-yr-Degree","Democrat"
"553",412293122,4,1,3,2,1,2,5,4,1,1,2,1,7,1,1,4,2,3,2,3,2,1,1,1,"< 4-yr-Degree","Democrat"
"554",414039258,3,1,6,1,1,2,1,5,5,4,1,3,4,3,2,1,2,3,2,2,2,1,2,1,"4-yr-Degree +","Republican"
"555",414050590,2,2,5,1,1,2,1,5,1,2,4,3,3,3,2,4,5,3,2,5,2,2,2,1,"4-yr-Degree +","Democrat"
"556",420149398,3,2,6,2,1,2,5,6,3,3,2,1,5,3,1,4,2,3,2,2,2,1,2,1,"4-yr-Degree +","Democrat"
"557",414573262,2,2,2,2,1,2,7,1,1,2,2,2,7,3,2,4,2,3,2,2,1,2,2,2,"< 4-yr-Degree","Democrat"
"558",420195675,3,2,4,1,1,2,6,5,4,4,2,2,2,3,2,1,5,5,2,5,1,1,1,1,"<4-yr-Degree","Independent"
"559",412903521,4,2,2,2,1,2,7,5,2,3,4,3,4,3,2,4,5,2,5,5,2,1,1,1,"< 4-yr-Degree","Democrat"
"560",414179372,3,1,2,2,1,2,6,1,7,4,2,1,3,3,2,1,2,2,2,2,1,1,2,1,"< 4-yr-Degree","Republican"
"561",413123186,3,1,2,2,1,2,5,5,6,3,2,1,3,3,2,4,2,3,2,2,2,2,2,1,"< 4-yr-Degree","Republican"
"562",417196589,4,1,3,2,1,2,1,6,3,2,4,3,6,3,2,4,3,5,5,5,2,1,1,1,"< 4-yr-Degree","Democrat"
"563",415227501,2,2,1,2,1,2,8,5,1,5,2,3,3,3,2,4,2,3,2,3,1,1,1,2,"< 4-yr-Degree","Democrat"
"564",415099196,4,2,2,1,1,2,1,1,7,4,2,2,4,1,2,2,5,5,1,3,2,1,1,1,"< 4-yr-Degree","Republican"
"565",412898429,2,1,3,2,1,2,2,5,4,3,3,2,2,2,2,4,2,2,3,2,2,2,2,1,"< 4-yr-Degree","Independent"
"566",414387768,3,2,5,2,3,2,7,1,1,3,1,1,9,3,2,4,2,3,2,3,2,1,1,1,"4-yr-Degree +","Democrat"
"567",412285017,4,2,6,2,1,2,5,3,1,1,4,1,11,3,1,4,2,3,2,2,2,2,2,1,"4-yr-Degree +","Democrat"
"568",414049508,2,2,2,2,1,2,6,1,6,4,2,2,5,3,2,2,2,3,5,5,1,1,1,1,"< 4-yr-Degree","Republican"
"569",411986901,2,1,3,2,1,2,5,1,4,3,1,1,9,2,1,1,2,3,3,2,1,1,1,1,"< 4-yr-Degree","Independent"
"570",412338999,2,2,3,1,1,2,1,1,7,5,4,4,9,3,2,1,2,5,5,5,1,1,1,2,"< 4-yr-Degree","Republican"
"571",415668139,3,2,5,1,2,2,1,3,1,2,2,1,7,3,1,4,2,2,2,2,2,2,1,2,"4-yr-Degree +","Democrat"
"572",416222898,4,1,4,1,3,2,1,6,4,3,2,3,5,3,1,3,3,5,5,5,2,2,2,2,"<4-yr-Degree","Independent"
"573",414347197,3,2,2,2,1,2,5,3,6,5,1,3,11,3,2,1,2,5,2,5,1,1,1,1,"< 4-yr-Degree","Republican"
"574",417139281,4,2,2,2,1,2,5,1,5,4,1,1,9,3,1,2,2,5,5,3,1,1,2,2,"< 4-yr-Degree","Republican"
"575",415989365,3,2,6,2,3,2,1,1,6,3,1,3,6,3,2,2,2,3,2,2,1,1,1,1,"4-yr-Degree +","Republican"
"576",412529540,3,2,2,2,1,2,1,1,7,4,1,1,4,3,1,1,2,2,3,3,1,1,2,1,"< 4-yr-Degree","Republican"
"577",412469548,1,1,6,2,1,2,5,3,1,2,2,1,7,3,1,4,2,4,2,3,2,1,1,1,"4-yr-Degree +","Democrat"
"578",415659562,3,1,5,2,1,2,2,5,5,4,2,1,3,3,1,2,3,2,2,2,1,1,1,1,"4-yr-Degree +","Republican"
"579",412974856,4,2,6,2,4,2,2,1,1,2,4,3,7,3,2,4,3,3,3,5,2,2,1,2,"4-yr-Degree +","Democrat"
"580",412956602,1,2,6,1,1,2,1,3,1,1,4,1,8,1,2,4,3,3,3,3,2,2,2,1,"4-yr-Degree +","Democrat"
"581",413217227,1,1,5,2,1,2,6,3,5,3,4,1,5,3,2,1,3,3,3,3,1,1,1,1,"4-yr-Degree +","Republican"
"582",418249787,3,1,4,2,1,2,1,3,7,5,1,1,9,2,1,1,2,3,2,3,1,2,2,1,"<4-yr-Degree","Republican"
"583",414375205,2,2,2,2,1,2,1,1,6,4,4,3,5,3,2,2,2,3,2,5,1,1,2,1,"< 4-yr-Degree","Republican"
"584",416476585,3,2,2,NA,2,2,1,1,6,4,1,2,4,3,2,2,5,5,5,5,1,1,1,1,"< 4-yr-Degree","Republican"
"585",413535480,4,2,3,1,1,2,1,6,3,1,4,1,9,3,2,4,2,2,2,3,2,1,1,1,"< 4-yr-Degree","Democrat"
"586",414290349,3,1,3,1,2,1,4,5,4,3,3,4,1,3,2,3,1,1,5,1,1,1,1,1,"< 4-yr-Degree","Independent"
"587",415273823,2,1,5,2,1,2,5,3,7,5,1,1,3,2,1,1,2,3,3,2,1,2,2,1,"4-yr-Degree +","Republican"
"588",419297676,1,2,6,2,6,1,1,5,2,2,3,2,5,3,1,4,2,3,3,3,1,1,1,2,"4-yr-Degree +","Democrat"
"589",412336474,2,2,2,2,1,2,5,6,1,1,2,1,3,3,2,4,2,2,2,3,1,1,1,1,"< 4-yr-Degree","Democrat"
"590",417087530,2,2,2,2,1,2,5,1,7,4,3,1,9,3,1,1,2,2,3,2,1,2,1,1,"< 4-yr-Degree","Republican"
"591",414366778,1,1,3,1,3,2,1,6,3,1,1,1,4,3,2,3,3,3,2,3,2,2,1,1,"< 4-yr-Degree","Democrat"
"592",418632275,2,1,5,1,1,2,2,5,3,1,4,1,2,3,2,4,2,3,2,2,2,1,1,1,"4-yr-Degree +","Democrat"
"593",416280754,2,2,2,2,1,2,1,1,1,1,4,2,3,3,2,4,2,2,3,3,2,2,1,2,"< 4-yr-Degree","Democrat"
"594",412954047,1,2,3,2,1,2,5,1,7,4,1,1,15,3,1,1,3,3,3,2,1,2,1,1,"< 4-yr-Degree","Republican"
"595",417080384,2,1,6,2,1,2,5,1,6,5,3,1,11,2,1,2,2,2,3,3,1,1,1,1,"4-yr-Degree +","Republican"
"596",415000632,2,1,3,NA,4,2,8,5,6,4,1,1,8,2,1,2,3,3,3,2,1,1,2,1,"< 4-yr-Degree","Republican"
"597",417619271,3,1,6,2,1,2,9,1,3,3,3,1,5,2,1,4,3,3,3,2,2,1,2,1,"4-yr-Degree +","Democrat"
"598",414805229,3,1,3,2,2,2,1,4,1,2,2,1,7,3,2,4,2,2,4,2,2,1,1,2,"< 4-yr-Degree","Democrat"
"599",419435627,1,1,1,NA,1,2,4,5,3,1,4,4,3,2,2,3,5,5,5,5,1,1,1,1,"< 4-yr-Degree","Democrat"
"600",417553299,4,2,5,2,1,2,1,5,1,1,4,1,10,3,2,4,3,3,3,3,2,1,2,1,"4-yr-Degree +","Democrat"
"601",412894794,1,2,2,2,1,2,5,1,4,4,2,2,4,3,2,2,3,3,3,3,2,1,2,1,"< 4-yr-Degree","Independent"
"602",413531689,1,2,5,1,2,2,1,5,2,1,2,3,4,2,2,4,5,5,5,5,2,1,1,1,"4-yr-Degree +","Democrat"
"603",417430766,4,1,2,NA,5,2,1,5,4,1,2,2,3,2,1,3,5,5,5,5,1,1,1,2,"< 4-yr-Degree","Independent"
"604",412284869,3,2,3,2,1,2,6,3,3,3,1,1,3,3,1,4,2,2,2,2,2,2,2,1,"< 4-yr-Degree","Democrat"
"605",417831371,4,1,5,2,3,2,1,1,4,3,4,1,10,2,1,2,3,3,3,2,1,2,2,1,"4-yr-Degree +","Independent"
"606",411997070,2,2,3,1,1,2,5,1,7,5,1,1,6,3,2,1,2,3,2,3,1,1,1,1,"< 4-yr-Degree","Republican"
"607",412335096,3,1,2,2,1,2,5,3,5,4,2,1,2,2,2,2,3,3,3,3,1,1,1,1,"< 4-yr-Degree","Republican"
"608",414228010,3,1,2,2,1,2,5,1,1,4,2,2,4,3,1,4,2,3,2,5,2,2,1,2,"< 4-yr-Degree","Democrat"
"609",415927244,1,1,5,2,1,2,1,5,5,4,1,2,5,3,1,2,3,3,5,5,1,2,2,1,"4-yr-Degree +","Republican"
"610",412221321,3,2,2,2,1,2,2,1,6,3,2,2,6,3,2,2,2,2,2,2,1,1,1,1,"< 4-yr-Degree","Republican"
"611",420281741,1,1,2,NA,1,2,8,5,3,3,1,2,2,3,2,4,3,2,4,2,1,1,2,2,"< 4-yr-Degree","Democrat"
"612",415272585,4,1,4,NA,1,2,1,5,3,3,2,1,9,2,1,4,3,3,3,3,2,2,2,1,"<4-yr-Degree","Democrat"
"613",413785356,4,2,3,1,1,1,1,1,7,4,3,1,9,1,2,2,3,3,3,5,2,2,2,1,"< 4-yr-Degree","Republican"
"614",412306909,2,1,2,2,1,2,5,1,4,2,4,1,4,3,2,4,2,3,2,5,2,1,1,1,"< 4-yr-Degree","Independent"
"615",414355599,4,2,3,NA,2,2,2,5,5,3,2,2,12,3,2,3,3,1,5,5,1,1,1,2,"< 4-yr-Degree","Republican"
"616",413072270,2,2,2,2,1,2,5,1,1,2,3,1,2,2,1,4,2,3,3,2,2,1,1,1,"< 4-yr-Degree","Democrat"
"617",414726069,1,1,2,2,1,2,5,4,5,4,2,2,7,3,1,1,2,3,3,3,1,1,1,1,"< 4-yr-Degree","Republican"
"618",419157756,4,2,1,2,3,2,1,1,1,3,2,2,2,3,2,3,2,5,5,3,2,1,2,1,"< 4-yr-Degree","Democrat"
"619",412300386,3,2,3,2,1,2,1,1,1,1,3,1,5,3,1,4,2,2,2,2,2,1,1,1,"< 4-yr-Degree","Democrat"
"620",410941245,4,1,5,2,1,2,1,1,1,1,4,1,11,3,1,4,3,3,3,3,2,2,2,2,"4-yr-Degree +","Democrat"
"621",414180319,2,2,3,NA,4,2,2,5,6,1,4,1,1,3,2,4,1,2,4,2,2,1,1,1,"< 4-yr-Degree","Republican"
"622",420139947,3,1,6,2,1,2,1,1,3,3,1,1,13,3,1,4,2,2,2,2,2,2,2,1,"4-yr-Degree +","Democrat"
"623",412286417,3,2,3,2,1,2,5,3,5,5,1,2,3,3,1,2,2,5,2,2,1,1,1,1,"< 4-yr-Degree","Republican"
"624",414186353,3,2,3,NA,2,2,3,5,1,2,2,1,5,3,2,4,2,3,2,4,2,1,1,2,"< 4-yr-Degree","Democrat"
"625",419248510,4,2,4,2,2,2,1,5,3,2,1,1,5,3,1,4,5,3,5,5,2,1,1,1,"<4-yr-Degree","Democrat"
"626",411632326,4,1,2,2,2,2,1,3,5,5,1,1,5,3,2,1,2,2,2,2,1,2,2,1,"< 4-yr-Degree","Republican"
"627",417613667,2,1,3,2,6,2,5,5,1,4,1,2,4,1,1,2,2,3,2,3,1,1,2,1,"< 4-yr-Degree","Democrat"
"628",415540527,1,1,5,2,2,2,1,5,4,3,4,1,8,1,1,1,3,3,3,3,1,2,2,1,"4-yr-Degree +","Independent"
"629",412339627,1,2,5,1,2,2,1,3,3,5,1,2,4,2,2,2,3,3,2,3,1,1,2,1,"4-yr-Degree +","Democrat"
"630",418063655,2,1,3,2,1,2,1,1,5,5,1,1,10,1,1,1,5,3,2,2,1,1,1,1,"< 4-yr-Degree","Republican"
"631",411332246,3,1,6,2,1,2,5,1,7,5,2,1,6,2,1,3,2,2,2,2,1,1,1,1,"4-yr-Degree +","Republican"
"632",417288720,1,1,2,NA,1,2,8,5,4,3,3,4,12,3,2,3,3,5,5,5,2,2,2,2,"< 4-yr-Degree","Independent"
"633",414366825,3,2,2,2,2,2,7,1,1,1,4,2,6,3,2,4,2,2,2,2,2,1,2,2,"< 4-yr-Degree","Democrat"
"634",412924762,4,2,2,1,1,2,4,5,7,4,1,1,8,3,2,2,3,3,3,3,1,2,2,2,"< 4-yr-Degree","Republican"
"635",412364351,4,2,6,1,1,2,1,3,1,2,3,1,8,1,1,4,3,3,3,3,2,1,1,1,"4-yr-Degree +","Democrat"
"636",416243567,1,1,3,NA,3,2,1,3,3,3,1,2,5,2,2,4,3,3,3,3,2,2,2,1,"< 4-yr-Degree","Democrat"
"637",412002664,1,1,6,2,1,2,1,1,3,1,4,1,10,2,1,4,3,3,3,3,2,1,1,2,"4-yr-Degree +","Democrat"
"638",410598240,2,1,4,2,1,2,5,1,4,3,2,1,7,3,1,2,2,2,2,2,1,1,1,1,"<4-yr-Degree","Independent"
"639",413109095,2,2,6,1,1,2,1,6,4,3,4,4,9,1,2,2,2,5,5,5,2,1,1,1,"4-yr-Degree +","Independent"
"640",412297643,2,2,6,1,1,2,1,5,2,1,4,1,6,2,1,4,2,3,3,3,2,2,2,1,"4-yr-Degree +","Democrat"
"641",420136383,2,2,5,2,1,2,1,5,7,3,3,1,9,1,2,2,2,3,3,2,1,1,1,1,"4-yr-Degree +","Republican"
"642",416247510,3,2,2,2,1,2,5,1,7,5,1,1,5,3,2,1,2,3,2,2,1,1,1,1,"< 4-yr-Degree","Republican"
"643",414321712,3,2,2,2,1,2,1,1,7,5,1,3,11,3,2,1,2,5,5,5,1,1,2,1,"< 4-yr-Degree","Republican"
"644",412951766,4,1,3,2,1,2,1,1,7,5,1,1,5,3,2,1,3,3,3,3,1,2,2,1,"< 4-yr-Degree","Republican"
"645",415308143,4,2,6,2,1,2,7,1,4,3,1,1,15,3,1,4,2,2,2,2,1,2,2,1,"4-yr-Degree +","Independent"
"646",412222344,2,1,6,2,1,2,1,1,1,1,3,1,9,2,1,4,2,2,2,2,2,2,2,1,"4-yr-Degree +","Democrat"
"647",416383188,3,2,3,NA,3,2,8,5,2,3,2,3,2,3,2,3,2,3,2,1,2,2,1,2,"< 4-yr-Degree","Democrat"
"648",418252030,1,1,6,2,1,2,1,1,1,1,4,1,10,1,1,4,3,3,3,3,2,2,2,1,"4-yr-Degree +","Democrat"
"649",410692096,1,2,3,1,1,2,2,5,7,5,1,1,5,3,2,1,3,3,2,3,1,1,1,1,"< 4-yr-Degree","Republican"
"650",412003389,3,2,5,2,7,2,5,4,1,1,3,1,10,1,1,4,2,2,2,2,2,2,2,1,"4-yr-Degree +","Democrat"
"651",417081402,1,1,4,2,1,2,5,1,1,1,4,1,12,2,1,4,3,3,2,2,2,2,2,1,"<4-yr-Degree","Democrat"
"652",417836401,2,1,3,2,1,2,5,3,5,3,2,1,2,3,1,1,2,3,3,3,1,2,2,1,"< 4-yr-Degree","Republican"
"653",410922896,2,1,6,2,1,2,5,1,1,1,4,1,9,1,1,4,2,2,2,2,2,2,2,2,"4-yr-Degree +","Democrat"
"654",412262917,4,1,5,1,1,2,1,1,5,5,1,2,3,3,2,2,2,2,2,2,1,2,2,2,"4-yr-Degree +","Republican"
"655",413610200,2,2,5,NA,1,2,1,5,1,1,4,1,6,1,1,4,2,2,3,3,2,1,2,1,"4-yr-Degree +","Democrat"
"656",412275885,2,1,5,2,1,2,1,1,5,5,1,1,11,3,1,1,2,2,3,3,1,2,2,1,"4-yr-Degree +","Republican"
"657",412299630,1,1,6,2,1,2,5,5,4,4,4,1,8,3,1,2,3,3,3,2,1,1,1,1,"4-yr-Degree +","Independent"
"658",414451062,4,1,3,2,3,2,5,3,5,4,2,2,4,1,1,2,2,2,2,2,1,1,1,1,"< 4-yr-Degree","Republican"
"659",416547815,1,2,5,1,1,1,1,1,2,3,1,1,11,1,1,2,3,3,5,5,1,1,1,2,"4-yr-Degree +","Democrat"
"660",415611704,4,2,5,2,4,2,1,1,1,4,2,4,7,1,1,4,3,5,3,3,2,1,1,2,"4-yr-Degree +","Democrat"
"661",412291429,4,2,3,2,1,2,5,1,5,3,1,1,7,3,2,1,5,5,3,2,1,1,1,1,"< 4-yr-Degree","Republican"
"662",414368413,3,2,5,1,2,2,1,5,1,2,3,1,5,3,2,4,2,3,2,3,2,2,2,2,"4-yr-Degree +","Democrat"
"663",410944680,3,1,5,2,1,2,5,1,7,4,1,1,8,3,1,1,2,2,2,2,1,1,1,2,"4-yr-Degree +","Republican"
"664",413095128,3,1,5,2,2,2,9,1,1,2,1,1,6,3,2,4,3,2,2,3,2,1,1,1,"4-yr-Degree +","Democrat"
"665",417841135,3,2,2,1,1,2,7,1,4,3,1,4,5,3,2,2,2,2,2,2,2,2,1,2,"< 4-yr-Degree","Independent"
"666",413510145,1,2,1,2,1,2,2,5,1,1,4,2,11,3,2,4,3,5,3,1,1,1,2,2,"< 4-yr-Degree","Democrat"
"667",411994727,3,1,5,2,1,2,5,1,3,3,3,1,4,3,2,4,2,3,2,2,2,1,1,1,"4-yr-Degree +","Democrat"
"668",412916702,1,2,3,1,1,2,4,1,1,2,1,1,4,3,2,4,1,2,5,3,2,2,1,2,"< 4-yr-Degree","Democrat"
"669",418063607,3,1,6,2,1,2,5,1,6,5,3,1,12,3,1,1,2,2,2,2,1,2,1,1,"4-yr-Degree +","Republican"
"670",410909264,3,2,3,2,1,2,7,1,4,3,2,3,4,3,2,3,2,2,2,2,2,1,2,2,"< 4-yr-Degree","Independent"
"671",415285663,2,2,3,2,1,2,7,5,6,5,1,2,3,3,2,2,2,5,3,5,1,1,1,1,"< 4-yr-Degree","Republican"
"672",414253039,3,2,2,2,1,2,5,3,1,2,1,2,5,3,2,4,2,3,2,5,2,2,1,1,"< 4-yr-Degree","Democrat"
"673",417178263,2,2,2,2,1,2,7,1,7,5,1,1,3,2,2,1,2,3,5,2,1,2,2,1,"< 4-yr-Degree","Republican"
"674",412982476,1,1,5,2,1,2,1,5,1,1,4,1,5,1,2,4,3,3,3,2,2,2,2,2,"4-yr-Degree +","Democrat"
"675",415789775,4,2,3,2,6,1,1,6,4,3,1,2,9,3,2,4,3,3,3,5,2,2,1,1,"< 4-yr-Degree","Independent"
"676",415422046,1,1,3,2,1,2,5,1,7,4,4,1,1,1,2,1,3,3,3,NA,1,1,1,1,"< 4-yr-Degree","Republican"
"677",415711884,2,2,5,2,1,2,1,1,1,2,1,1,8,3,1,4,2,2,3,3,2,1,2,2,"4-yr-Degree +","Democrat"
"678",412406086,3,2,2,2,1,2,5,1,7,5,1,2,5,3,2,1,2,2,2,2,1,1,1,1,"< 4-yr-Degree","Republican"
"679",412387309,1,2,3,1,1,2,5,4,1,2,3,1,8,1,1,4,3,3,3,2,2,1,1,1,"< 4-yr-Degree","Democrat"
"680",413013793,3,2,2,2,1,2,1,1,3,1,2,1,5,3,2,4,2,3,2,3,2,1,2,1,"< 4-yr-Degree","Democrat"
"681",410765985,3,2,5,1,2,2,1,1,1,3,2,2,9,3,1,4,1,1,1,1,2,1,2,1,"4-yr-Degree +","Democrat"
"682",420153324,1,2,3,2,1,2,1,5,6,3,2,1,7,3,1,1,3,3,2,3,1,1,1,1,"< 4-yr-Degree","Republican"
"683",417570867,1,1,5,2,1,2,1,5,1,1,4,1,10,3,1,4,2,5,3,3,2,1,1,1,"4-yr-Degree +","Democrat"
"684",416686618,4,2,5,1,1,2,1,1,1,3,4,3,10,3,2,4,2,2,2,2,1,1,1,1,"4-yr-Degree +","Democrat"
"685",416395512,1,1,3,1,2,2,1,1,2,3,3,2,9,2,1,4,3,3,5,3,2,1,1,1,"< 4-yr-Degree","Democrat"
"686",417077665,3,1,3,2,3,2,1,1,6,4,1,1,8,2,1,3,2,2,2,2,1,2,1,1,"< 4-yr-Degree","Republican"
"687",412979463,3,2,6,1,2,2,1,6,2,3,1,4,7,3,1,4,3,2,2,2,2,2,2,2,"4-yr-Degree +","Democrat"
"688",415213627,4,2,5,1,1,2,1,5,1,1,4,1,5,3,1,4,3,3,3,2,2,1,1,1,"4-yr-Degree +","Democrat"
"689",411891143,4,1,5,2,7,2,1,5,4,3,1,1,6,3,1,1,3,3,3,3,1,1,2,1,"4-yr-Degree +","Independent"
"690",415208515,2,2,5,1,1,2,1,6,1,2,4,2,5,3,1,4,3,3,3,3,2,2,2,2,"4-yr-Degree +","Democrat"
"691",413059111,1,2,6,1,1,2,2,1,1,1,2,2,11,2,1,4,3,3,2,2,2,2,2,2,"4-yr-Degree +","Democrat"
"692",414507543,1,2,2,NA,1,2,4,5,1,1,4,1,5,3,2,4,3,3,3,1,1,1,1,2,"< 4-yr-Degree","Democrat"
"693",412348722,1,2,5,1,1,2,1,1,6,3,3,1,12,3,2,4,3,3,3,3,2,1,1,1,"4-yr-Degree +","Republican"
"694",412903375,3,2,3,2,1,2,8,5,1,2,4,1,11,3,2,4,2,3,3,3,2,1,2,1,"< 4-yr-Degree","Democrat"
"695",412871676,2,1,5,2,1,2,1,1,6,3,4,1,9,1,1,4,2,2,2,2,2,1,2,1,"4-yr-Degree +","Republican"
"696",412282571,3,1,2,2,1,2,5,3,7,5,1,1,4,1,2,1,2,3,2,2,1,1,2,1,"< 4-yr-Degree","Republican"
"697",412976130,1,1,2,2,1,2,5,1,5,4,2,1,6,2,1,1,2,3,3,3,1,1,1,1,"< 4-yr-Degree","Republican"
"698",413002748,3,1,3,2,2,2,2,1,1,2,3,2,3,3,2,4,2,2,2,3,2,1,2,2,"< 4-yr-Degree","Democrat"
"699",419490444,2,1,5,1,3,2,1,1,3,3,4,2,11,3,2,4,2,3,3,3,2,2,2,1,"4-yr-Degree +","Democrat"
"700",415194247,1,2,2,NA,1,2,7,1,4,3,2,2,8,3,1,4,3,3,2,NA,2,1,2,1,"< 4-yr-Degree","Independent"
"701",414342125,3,2,6,2,1,2,2,5,1,1,4,1,2,3,2,4,2,2,4,2,2,2,1,1,"4-yr-Degree +","Democrat"
"702",415008634,3,2,2,NA,1,2,7,1,7,5,2,1,8,3,2,1,3,3,2,2,2,1,1,1,"< 4-yr-Degree","Republican"
"703",410920518,3,1,6,2,1,2,1,1,7,4,1,1,14,2,1,1,2,2,2,NA,1,1,1,1,"4-yr-Degree +","Republican"
"704",412984256,3,2,5,2,1,2,1,1,6,2,1,3,7,3,1,3,2,2,5,2,2,1,1,1,"4-yr-Degree +","Republican"
"705",414128106,3,1,3,2,1,2,1,1,5,4,2,3,5,3,2,2,2,2,2,1,1,1,1,1,"< 4-yr-Degree","Republican"
"706",414566881,3,2,5,2,3,2,8,5,1,2,1,1,3,3,2,4,2,2,2,3,2,1,2,1,"4-yr-Degree +","Democrat"
"707",414220135,3,2,1,NA,1,2,7,6,4,4,1,3,3,3,2,2,5,5,5,5,1,1,1,1,"< 4-yr-Degree","Independent"
"708",417454643,4,2,3,NA,2,2,8,5,1,4,2,1,2,3,2,4,2,2,2,1,2,1,1,1,"< 4-yr-Degree","Democrat"
"709",412298180,4,2,4,2,1,2,5,5,1,5,2,2,4,2,2,4,2,3,3,2,2,2,2,1,"<4-yr-Degree","Democrat"
"710",412924305,3,1,4,2,1,2,6,3,1,2,3,1,3,3,2,4,3,3,3,3,2,2,2,1,"<4-yr-Degree","Democrat"
"711",412355892,3,2,3,2,1,2,5,1,1,2,1,1,2,2,2,4,2,2,2,2,2,2,2,1,"< 4-yr-Degree","Democrat"
"712",415235609,4,1,2,2,1,2,1,5,6,3,4,1,6,3,1,1,2,2,2,2,1,2,2,1,"< 4-yr-Degree","Republican"
"713",413987858,1,2,2,2,1,2,1,1,1,2,1,2,9,3,1,4,3,3,2,2,2,2,2,1,"< 4-yr-Degree","Democrat"
"714",418113104,3,1,3,2,1,2,2,5,3,1,3,1,3,3,2,4,2,5,2,5,1,1,1,2,"< 4-yr-Degree","Democrat"
"715",412954354,4,2,3,2,1,2,7,1,2,3,1,2,5,3,2,3,3,5,3,3,2,1,2,1,"< 4-yr-Degree","Democrat"
"716",418065405,4,1,3,2,7,2,5,1,5,5,1,1,5,3,2,1,2,2,2,2,1,2,2,1,"< 4-yr-Degree","Republican"
"717",420122456,2,1,5,2,1,2,5,1,1,2,4,1,11,2,1,4,2,3,3,3,2,2,2,1,"4-yr-Degree +","Democrat"
"718",412518754,3,1,2,2,1,2,5,1,7,5,1,1,4,3,2,1,2,3,2,5,1,1,1,1,"< 4-yr-Degree","Republican"
"719",415437539,3,1,4,2,3,2,1,1,3,2,3,1,6,3,2,4,2,2,2,3,2,1,2,1,"<4-yr-Degree","Democrat"
"720",415418606,1,2,1,2,1,2,7,4,4,3,2,4,1,3,2,4,5,5,5,5,2,1,1,2,"< 4-yr-Degree","Independent"
"721",415730095,3,1,2,2,1,2,5,4,1,3,3,1,5,2,2,4,2,3,2,2,2,1,1,2,"< 4-yr-Degree","Democrat"
"722",415460601,2,1,3,NA,1,1,1,1,4,2,2,1,5,3,2,4,2,3,3,2,2,1,1,2,"< 4-yr-Degree","Independent"
"723",412379901,3,2,2,2,5,2,5,3,1,2,4,2,7,2,2,4,2,2,2,NA,2,2,2,2,"< 4-yr-Degree","Democrat"
"724",414227418,4,1,3,2,2,2,3,5,4,3,4,3,1,3,2,4,3,3,3,3,2,2,1,2,"< 4-yr-Degree","Independent"
"725",412991669,1,2,5,1,5,2,1,3,7,4,1,1,5,2,1,1,2,3,3,3,1,1,2,1,"4-yr-Degree +","Republican"
"726",417081426,2,1,5,2,1,2,5,1,1,2,4,1,9,3,2,4,2,3,3,2,2,2,2,1,"4-yr-Degree +","Democrat"
"727",419595780,3,2,3,1,5,2,1,5,1,2,2,1,4,3,2,4,2,2,2,2,2,2,2,1,"< 4-yr-Degree","Democrat"
"728",412348350,2,1,3,2,1,2,1,3,4,4,1,1,9,1,1,2,3,3,3,3,1,1,2,1,"< 4-yr-Degree","Independent"
"729",414156220,1,1,5,1,3,2,1,1,2,2,2,2,9,1,1,3,3,3,3,3,2,1,2,1,"4-yr-Degree +","Democrat"
"730",415579306,4,2,2,NA,4,2,8,5,4,2,4,4,5,3,2,4,5,5,5,5,1,2,2,1,"< 4-yr-Degree","Independent"
"731",419696374,3,2,3,2,1,2,5,4,7,4,2,1,3,2,1,1,2,3,2,2,1,1,1,1,"< 4-yr-Degree","Republican"
"732",412289834,4,2,5,2,1,2,5,1,1,1,4,1,9,2,2,4,3,3,3,3,2,2,2,2,"4-yr-Degree +","Democrat"
"733",412243811,3,2,2,2,1,2,5,4,1,2,3,2,5,2,2,4,2,3,2,5,2,1,1,1,"< 4-yr-Degree","Democrat"
"734",417838062,4,1,6,2,1,2,5,1,1,1,3,1,5,3,1,4,2,2,2,2,2,1,2,1,"4-yr-Degree +","Democrat"
"735",412298138,4,1,6,2,1,2,5,1,3,3,4,1,12,2,1,4,3,3,3,2,2,1,2,1,"4-yr-Degree +","Democrat"
"736",414191235,2,1,2,2,1,2,1,3,2,5,2,3,9,1,2,4,2,5,3,2,2,1,2,1,"< 4-yr-Degree","Democrat"
"737",418249805,2,1,6,2,1,2,2,1,1,2,2,1,9,3,1,4,2,2,2,2,2,2,2,1,"4-yr-Degree +","Democrat"
"738",411880045,4,2,4,NA,1,2,1,5,7,4,2,2,5,1,2,1,3,5,5,5,2,2,2,1,"<4-yr-Degree","Republican"
"739",412906234,3,2,1,NA,1,2,7,1,7,2,2,2,5,3,2,1,5,5,5,1,2,1,1,2,"< 4-yr-Degree","Republican"
"740",415540912,3,1,2,NA,1,2,1,1,5,4,1,2,8,1,1,2,2,2,2,2,1,2,1,1,"< 4-yr-Degree","Republican"
"741",412052437,3,1,4,2,1,2,5,1,7,5,1,1,4,2,2,1,2,2,2,2,1,1,2,1,"<4-yr-Degree","Republican"
"742",414354875,3,2,2,NA,1,2,1,5,6,4,2,3,10,3,1,2,2,5,3,5,2,1,1,1,"< 4-yr-Degree","Republican"
"743",412874712,3,2,3,2,1,2,2,1,1,1,4,3,5,3,2,4,2,3,2,5,2,1,2,2,"< 4-yr-Degree","Democrat"
"744",416260361,4,2,6,2,4,2,1,5,2,2,2,2,7,3,1,2,3,3,3,5,2,2,2,2,"4-yr-Degree +","Democrat"
"745",414481621,1,1,2,2,1,2,1,6,1,3,2,2,7,3,2,4,5,3,3,5,2,1,2,1,"< 4-yr-Degree","Democrat"
"746",414200927,4,1,2,2,1,2,1,1,4,3,4,4,9,3,2,1,2,3,2,2,1,1,1,1,"< 4-yr-Degree","Independent"
"747",411724232,2,2,3,2,1,2,5,1,7,3,1,2,4,3,2,1,3,5,3,2,2,1,1,1,"< 4-yr-Degree","Republican"
"748",413221557,4,2,2,2,1,2,8,5,1,1,4,2,4,3,2,4,5,5,3,2,2,1,1,2,"< 4-yr-Degree","Democrat"
"749",413056145,2,1,5,2,1,2,1,3,5,5,3,1,9,1,1,1,2,2,2,2,1,2,1,1,"4-yr-Degree +","Republican"
"750",414290551,4,2,2,2,1,2,6,6,1,1,4,1,6,2,2,4,3,3,3,2,2,2,2,1,"< 4-yr-Degree","Democrat"
"751",416452513,1,1,2,2,1,2,6,6,7,4,2,1,5,2,2,1,3,3,2,3,1,2,1,1,"< 4-yr-Degree","Republican"
"752",410813470,3,1,4,2,1,2,2,1,5,4,1,2,6,3,1,2,2,5,2,5,1,1,2,1,"<4-yr-Degree","Republican"
"753",415339032,4,2,2,2,3,2,7,1,1,3,1,3,2,3,2,4,3,2,5,2,2,1,2,1,"< 4-yr-Degree","Democrat"
"754",412334272,3,2,6,2,1,2,2,1,1,3,2,1,12,1,1,4,2,2,2,3,2,2,2,1,"4-yr-Degree +","Democrat"
"755",412345940,2,1,6,1,1,2,1,1,1,2,4,1,11,3,1,4,2,3,3,2,2,2,2,1,"4-yr-Degree +","Democrat"
"756",420156492,4,2,6,1,1,2,1,5,7,5,1,1,4,1,2,1,3,3,3,3,1,1,1,1,"4-yr-Degree +","Republican"
"757",413674352,4,1,2,2,1,2,5,1,7,5,3,1,6,3,1,1,2,2,2,2,1,1,1,1,"< 4-yr-Degree","Republican"
"758",416277978,3,1,5,2,1,2,1,5,1,1,3,1,5,3,1,4,2,3,2,2,2,2,2,1,"4-yr-Degree +","Democrat"
"759",412275456,1,1,5,2,1,2,5,1,1,3,3,1,7,3,1,4,3,3,2,2,2,1,2,1,"4-yr-Degree +","Democrat"
"760",414704723,2,2,4,1,1,2,7,1,4,3,1,1,3,3,2,2,2,2,3,3,1,1,2,1,"<4-yr-Degree","Independent"
"761",412894665,1,2,6,2,1,2,2,1,2,3,4,1,6,2,1,4,3,3,3,3,2,1,2,1,"4-yr-Degree +","Democrat"
"762",412297908,2,2,2,2,1,2,7,1,1,2,2,2,9,3,1,3,3,3,1,2,2,2,2,1,"< 4-yr-Degree","Democrat"
"763",412386158,4,2,2,2,1,2,6,2,2,2,3,2,5,3,2,4,2,3,2,3,2,1,2,1,"< 4-yr-Degree","Democrat"
"764",414864413,3,2,3,1,2,2,1,6,2,3,3,2,9,3,2,4,3,3,3,5,2,1,1,1,"< 4-yr-Degree","Democrat"
"765",416187350,1,1,5,2,1,2,1,1,4,4,3,1,7,3,2,1,2,3,3,3,1,1,1,1,"4-yr-Degree +","Independent"
"766",412893015,3,2,4,2,2,2,2,5,1,2,2,1,8,3,2,4,2,3,2,5,1,1,1,2,"<4-yr-Degree","Democrat"
"767",412297833,2,2,3,1,1,2,1,3,7,5,3,1,4,3,2,1,2,3,5,5,1,1,1,1,"< 4-yr-Degree","Republican"
"768",414877622,1,1,5,1,3,2,2,5,1,2,4,1,1,2,2,4,3,3,3,3,2,2,2,1,"4-yr-Degree +","Democrat"
"769",417617997,1,1,4,2,1,2,1,5,7,3,2,1,10,3,1,1,3,3,3,3,1,1,1,1,"<4-yr-Degree","Republican"
"770",412978406,1,1,3,2,1,2,5,1,2,4,3,2,9,1,1,2,3,3,5,5,2,2,2,1,"< 4-yr-Degree","Democrat"
"771",414165557,4,1,1,2,3,2,1,6,7,5,2,1,5,3,1,1,3,3,3,5,1,1,2,1,"< 4-yr-Degree","Republican"
"772",412278056,3,2,5,2,1,2,5,5,1,2,2,1,4,3,1,4,2,3,2,3,2,2,2,1,"4-yr-Degree +","Democrat"
"773",412340710,2,2,2,2,1,2,5,4,6,3,3,2,3,2,2,2,2,2,3,2,1,1,1,1,"< 4-yr-Degree","Republican"
"774",410743528,2,2,2,NA,1,2,2,5,1,2,1,2,5,3,2,4,5,5,5,5,2,2,2,1,"< 4-yr-Degree","Democrat"
"775",417006676,1,1,5,2,1,2,1,1,7,4,1,2,8,2,1,2,3,3,3,2,1,1,1,1,"4-yr-Degree +","Republican"
"776",417079551,4,1,4,2,1,2,5,1,3,2,4,1,4,2,1,4,3,3,3,3,2,2,2,1,"<4-yr-Degree","Democrat"
"777",412305704,2,2,6,1,1,2,1,3,2,3,1,4,8,3,1,4,5,5,5,5,2,1,1,1,"4-yr-Degree +","Democrat"
"778",412317336,4,2,2,2,1,2,7,1,5,4,1,2,5,3,2,4,3,2,3,5,1,1,1,1,"< 4-yr-Degree","Republican"
"779",415503070,3,2,6,2,3,2,1,5,1,2,2,2,8,3,2,4,2,2,2,NA,2,2,1,1,"4-yr-Degree +","Democrat"
"780",413528907,2,1,2,NA,1,2,1,3,5,4,2,2,3,2,1,1,2,5,5,2,2,1,1,1,"< 4-yr-Degree","Republican"
"781",416383420,2,1,2,2,1,2,5,1,1,2,2,2,5,2,1,4,2,2,2,2,1,1,1,1,"< 4-yr-Degree","Democrat"
"782",415983266,1,1,2,2,4,2,4,5,3,3,4,4,3,3,2,4,5,3,5,1,1,1,1,2,"< 4-yr-Degree","Democrat"
"783",417352250,4,1,4,2,1,2,1,1,1,5,4,2,9,3,2,4,3,3,3,3,2,2,2,1,"<4-yr-Degree","Democrat"
"784",414785656,3,1,2,1,2,2,1,5,2,3,1,4,4,3,2,2,2,3,2,2,1,1,2,2,"< 4-yr-Degree","Democrat"
"785",411992681,4,1,6,2,1,2,5,1,1,2,1,1,10,1,2,4,3,3,3,3,2,2,2,1,"4-yr-Degree +","Democrat"
"786",414366698,3,2,4,2,1,2,1,5,6,5,2,2,10,3,2,2,2,5,2,5,1,1,1,1,"<4-yr-Degree","Republican"
"787",420238514,3,1,6,2,1,2,5,1,5,4,1,2,11,3,1,3,2,2,2,2,2,1,1,1,"4-yr-Degree +","Republican"
"788",417077668,3,1,6,2,3,2,1,1,1,2,1,1,8,3,2,4,2,2,2,3,2,2,2,1,"4-yr-Degree +","Democrat"
"789",415451404,3,2,5,2,1,2,1,5,6,3,1,2,6,3,1,2,1,1,1,2,1,1,2,1,"4-yr-Degree +","Republican"
"790",415028417,4,2,5,2,1,2,1,5,2,2,4,3,4,2,2,4,5,5,5,5,2,2,2,2,"4-yr-Degree +","Democrat"
"791",415332447,2,1,3,2,1,2,9,1,7,4,3,2,3,3,2,1,2,3,3,2,1,1,2,1,"< 4-yr-Degree","Republican"
"792",414582465,1,2,4,2,3,2,1,5,4,5,2,1,4,3,2,4,3,3,5,NA,1,1,2,2,"<4-yr-Degree","Independent"
"793",419001064,1,1,5,2,1,2,1,6,1,1,4,1,7,3,1,4,3,3,3,3,2,1,2,1,"4-yr-Degree +","Democrat"
"794",413291223,2,2,2,1,1,2,5,1,1,2,1,1,7,3,1,4,2,2,3,2,1,1,1,1,"< 4-yr-Degree","Democrat"
"795",413966837,3,2,2,2,1,2,9,1,1,1,4,1,4,3,2,4,2,2,2,2,2,2,2,2,"< 4-yr-Degree","Democrat"
"796",414316609,3,2,2,2,1,2,2,3,5,3,4,2,2,3,2,2,2,5,3,5,1,1,1,2,"< 4-yr-Degree","Republican"
"797",415798461,2,2,5,NA,1,2,1,1,6,3,2,2,6,3,2,2,5,2,5,5,1,1,1,1,"4-yr-Degree +","Republican"
"798",417606110,3,1,3,2,1,2,1,1,4,3,2,1,4,3,2,1,2,5,2,NA,2,1,1,1,"< 4-yr-Degree","Independent"
"799",417836192,3,1,6,2,1,2,1,1,2,2,1,1,6,2,2,4,2,2,2,2,2,1,1,2,"4-yr-Degree +","Democrat"
"800",417316773,3,1,3,2,1,2,1,1,6,4,4,2,6,3,1,2,5,5,5,5,2,2,1,1,"< 4-yr-Degree","Republican"
"801",420311788,2,1,3,1,1,2,4,5,3,1,1,1,3,3,2,4,2,2,3,3,2,1,2,2,"< 4-yr-Degree","Democrat"
"802",413550039,3,1,6,2,1,2,2,1,7,3,2,1,7,2,2,1,2,3,2,2,1,1,1,1,"4-yr-Degree +","Republican"
"803",413829420,3,1,3,2,1,2,5,5,6,3,3,2,5,2,2,2,2,3,2,3,1,1,1,1,"< 4-yr-Degree","Republican"
"804",412323912,3,1,5,2,1,2,1,5,1,2,2,1,7,3,1,4,2,2,2,2,2,2,2,2,"4-yr-Degree +","Democrat"
"805",413409469,3,2,5,2,6,2,1,1,4,4,1,1,9,3,1,1,2,2,2,2,1,1,1,1,"4-yr-Degree +","Independent"
"806",412355929,2,2,4,1,1,2,1,5,1,3,4,1,5,3,2,4,5,5,5,5,2,2,2,2,"<4-yr-Degree","Democrat"
"807",413784765,3,2,4,1,1,2,6,3,1,1,4,2,4,3,2,4,2,2,2,2,2,2,2,1,"<4-yr-Degree","Democrat"
"808",415407015,2,2,2,NA,3,2,7,3,2,3,4,3,5,3,2,4,2,5,2,5,1,1,1,2,"< 4-yr-Degree","Democrat"
"809",414044676,1,2,6,1,1,2,7,1,3,1,4,2,8,2,1,4,2,3,3,3,2,2,1,1,"4-yr-Degree +","Democrat"
"810",414175020,2,2,3,NA,1,2,1,5,1,2,4,2,7,3,2,4,2,2,3,3,1,1,1,1,"< 4-yr-Degree","Democrat"
"811",412662714,1,2,3,2,1,2,1,1,6,4,1,2,7,3,1,1,2,5,2,3,2,2,1,2,"< 4-yr-Degree","Republican"
"812",412507803,1,1,6,1,4,2,1,5,2,3,2,1,9,3,2,4,3,3,2,2,2,2,2,1,"4-yr-Degree +","Democrat"
"813",414751118,2,2,3,NA,1,2,8,5,1,1,4,4,9,3,2,4,1,1,1,1,2,2,1,2,"< 4-yr-Degree","Democrat"
"814",414601662,4,2,6,2,6,1,1,6,3,2,3,3,4,3,1,4,3,3,3,3,2,2,2,1,"4-yr-Degree +","Democrat"
"815",417079909,1,1,6,2,1,2,5,1,5,4,3,1,10,3,1,1,2,3,3,3,1,1,1,1,"4-yr-Degree +","Republican"
"816",415961779,3,1,6,2,2,2,1,4,1,4,1,1,10,3,1,4,2,2,2,2,1,1,1,1,"4-yr-Degree +","Democrat"
"817",412874176,3,1,3,2,1,2,6,5,6,2,2,1,2,2,1,1,2,2,3,3,1,2,2,1,"< 4-yr-Degree","Republican"
"818",414127167,1,1,2,2,1,2,8,5,7,5,1,4,1,3,2,1,3,3,3,3,1,1,1,1,"< 4-yr-Degree","Republican"
"819",412334265,4,2,5,2,1,2,5,3,1,1,4,1,3,3,1,4,3,3,2,2,2,1,2,1,"4-yr-Degree +","Democrat"
"820",414205500,1,2,5,1,1,2,1,5,6,4,3,3,11,3,1,2,2,5,5,NA,2,1,2,1,"4-yr-Degree +","Republican"
"821",416407500,3,1,5,1,1,2,1,1,6,3,2,2,10,3,2,2,2,3,2,2,1,1,2,1,"4-yr-Degree +","Republican"
"822",412422471,1,1,3,2,1,2,6,1,2,3,2,2,10,3,2,4,2,4,2,3,2,2,2,1,"< 4-yr-Degree","Democrat"
"823",413021004,3,2,2,2,1,2,4,4,4,5,1,2,2,3,2,1,2,2,2,3,2,1,1,1,"< 4-yr-Degree","Independent"
"824",416132023,2,2,1,2,3,2,6,3,4,3,1,4,3,3,2,4,4,4,4,4,1,1,1,1,"< 4-yr-Degree","Independent"
"825",420137004,2,1,5,1,1,2,2,5,1,2,4,1,12,3,1,4,3,3,3,2,2,1,2,2,"4-yr-Degree +","Democrat"
"826",413932320,2,2,2,2,1,2,7,1,6,3,3,2,2,3,2,2,3,3,2,2,1,1,1,1,"< 4-yr-Degree","Republican"
"827",417834831,4,1,6,2,1,2,1,1,3,2,2,1,12,3,2,2,3,5,5,5,1,2,2,1,"4-yr-Degree +","Democrat"
"828",414765320,1,1,4,2,1,2,4,5,1,1,2,1,4,3,2,4,3,3,3,NA,1,1,1,2,"<4-yr-Degree","Democrat"
"829",420127425,3,2,6,1,1,2,1,3,5,3,2,1,9,3,1,2,3,3,3,2,2,1,1,1,"4-yr-Degree +","Republican"
"830",413443334,4,1,1,2,1,2,1,1,5,3,2,1,10,3,1,1,3,3,3,3,1,1,1,1,"< 4-yr-Degree","Republican"
"831",412240402,3,2,6,2,1,2,5,5,1,1,1,1,4,2,1,4,2,3,2,2,1,2,2,1,"4-yr-Degree +","Democrat"
"832",418249204,3,1,6,2,1,2,1,2,1,1,4,1,6,3,1,4,2,2,2,3,2,2,1,2,"4-yr-Degree +","Democrat"
"833",413487858,1,2,5,1,2,2,1,5,2,1,4,2,1,3,1,4,1,1,3,1,2,2,1,1,"4-yr-Degree +","Democrat"
"834",412275152,4,2,5,2,1,2,5,1,1,1,2,1,4,3,1,4,3,3,3,3,2,1,1,1,"4-yr-Degree +","Democrat"
"835",412411645,3,2,4,2,1,2,1,1,6,4,1,4,6,3,2,2,2,5,5,5,1,1,1,1,"<4-yr-Degree","Republican"
"836",415710745,1,2,5,2,1,2,6,5,2,3,1,1,8,1,2,4,3,3,3,2,2,2,2,2,"4-yr-Degree +","Democrat"
"837",412416456,2,1,5,2,1,2,1,1,7,5,1,1,6,2,1,1,2,3,2,2,1,2,2,1,"4-yr-Degree +","Republican"
"838",412415683,3,1,3,2,1,2,2,3,2,3,2,2,3,3,2,2,2,2,2,3,1,1,1,1,"< 4-yr-Degree","Democrat"
"839",414355014,3,2,1,2,1,2,7,4,1,2,4,2,1,3,2,4,2,2,5,2,2,2,2,1,"< 4-yr-Degree","Democrat"
"840",411688667,3,2,5,2,1,2,2,1,1,1,1,1,6,3,1,4,2,2,2,2,1,1,2,1,"4-yr-Degree +","Democrat"
"841",414147140,3,2,3,1,1,2,8,5,6,4,2,3,3,3,2,2,2,5,2,5,2,2,2,2,"< 4-yr-Degree","Republican"
"842",415217858,4,1,6,2,6,2,1,1,4,3,2,2,6,3,2,4,3,3,3,2,2,2,1,1,"4-yr-Degree +","Independent"
"843",414290451,1,2,1,2,1,2,5,3,1,4,1,3,1,3,2,1,4,5,5,4,1,2,2,2,"< 4-yr-Degree","Democrat"
"844",413594979,3,1,5,1,1,2,1,5,1,2,3,1,7,2,2,4,2,3,3,3,2,2,2,1,"4-yr-Degree +","Democrat"
"845",414517744,2,2,2,NA,1,2,7,1,6,4,3,3,3,3,1,1,1,2,1,5,1,1,2,2,"< 4-yr-Degree","Republican"
"846",413602073,3,2,6,1,1,2,5,1,1,2,4,1,15,2,1,4,2,2,2,2,2,1,2,1,"4-yr-Degree +","Democrat"
"847",417619537,3,1,6,2,1,2,9,1,7,5,1,1,12,1,1,1,2,2,2,2,1,2,1,1,"4-yr-Degree +","Republican"
"848",416104883,3,2,6,2,4,2,1,1,1,1,4,4,13,3,2,4,5,3,3,3,2,2,2,1,"4-yr-Degree +","Democrat"
"849",414255549,3,2,2,2,1,2,7,1,6,3,4,2,5,3,1,2,2,3,2,3,2,1,2,1,"< 4-yr-Degree","Republican"
"850",417834343,4,1,6,2,1,2,1,1,7,4,2,1,12,3,1,1,3,2,3,2,1,1,1,1,"4-yr-Degree +","Republican"
"851",412012229,3,2,5,2,4,2,7,1,1,2,1,3,2,3,2,2,5,5,5,5,1,1,1,2,"4-yr-Degree +","Democrat"
"852",412391618,2,2,6,1,1,2,1,1,1,3,1,1,11,1,2,4,2,3,3,2,1,1,2,1,"4-yr-Degree +","Democrat"
"853",420149660,2,2,6,2,1,2,2,1,1,1,4,4,8,2,1,4,5,5,5,5,2,1,2,1,"4-yr-Degree +","Democrat"
"854",417182884,2,2,2,2,1,2,5,4,4,3,1,4,4,3,1,1,5,5,5,3,2,1,1,1,"< 4-yr-Degree","Independent"
"855",414555751,1,1,2,NA,1,2,4,5,3,1,4,1,1,2,2,4,2,4,2,2,2,1,2,1,"< 4-yr-Degree","Democrat"
"856",417619297,3,1,3,2,1,2,5,1,1,3,1,1,8,3,1,4,2,2,2,2,2,2,2,1,"< 4-yr-Degree","Democrat"
"857",412308000,3,2,3,2,1,2,5,1,3,3,1,2,4,3,2,3,2,3,2,2,2,1,1,1,"< 4-yr-Degree","Democrat"
"858",414598038,3,2,2,2,2,2,7,1,1,3,1,2,2,3,2,4,5,5,5,3,2,2,2,2,"< 4-yr-Degree","Democrat"
"859",414739136,1,1,2,2,1,2,5,1,7,4,1,2,5,2,1,1,3,3,3,5,1,1,2,1,"< 4-yr-Degree","Republican"
"860",414255469,1,2,3,1,1,2,7,1,1,1,4,4,3,3,2,4,3,5,5,5,2,1,1,1,"< 4-yr-Degree","Democrat"
"861",416910521,3,1,3,NA,1,2,2,5,2,1,4,2,4,3,2,4,2,1,2,1,2,1,2,1,"< 4-yr-Degree","Democrat"
"862",418064424,3,1,5,2,1,2,1,1,5,4,1,1,13,3,1,1,2,2,2,2,1,2,1,1,"4-yr-Degree +","Republican"
"863",414195744,2,1,2,2,1,2,6,5,7,4,2,3,3,3,2,2,2,2,3,2,1,1,1,1,"< 4-yr-Degree","Republican"
"864",412331351,4,2,3,2,1,2,7,1,4,2,3,1,12,3,1,4,3,3,3,3,2,2,2,2,"< 4-yr-Degree","Independent"
"865",414793306,4,2,3,1,1,2,1,5,2,1,4,1,6,3,1,4,3,3,3,3,2,1,2,2,"< 4-yr-Degree","Democrat"
"866",416153828,1,2,2,2,1,2,5,3,6,4,2,1,2,2,2,1,3,3,3,5,1,1,1,1,"< 4-yr-Degree","Republican"
"867",417838346,2,1,4,2,1,2,1,1,7,5,1,2,10,1,1,1,2,3,3,2,1,1,1,1,"<4-yr-Degree","Republican"
"868",410914971,1,1,5,1,1,2,6,1,7,5,3,1,6,3,1,1,3,3,2,2,1,1,1,1,"4-yr-Degree +","Republican"
"869",412976088,1,1,3,2,1,2,8,5,1,1,2,2,7,2,1,4,3,5,5,5,2,1,1,1,"< 4-yr-Degree","Democrat"
"870",415573012,4,1,5,2,1,2,5,1,7,5,1,1,6,3,1,2,2,2,2,2,2,1,2,2,"4-yr-Degree +","Republican"
"871",418066430,2,1,4,2,1,2,5,1,2,3,3,1,9,2,1,4,3,2,3,2,2,2,2,2,"<4-yr-Degree","Democrat"
"872",410934005,3,1,5,1,1,2,1,1,3,1,4,2,10,2,1,4,5,3,3,2,1,2,1,1,"4-yr-Degree +","Democrat"
"873",415320515,3,2,2,NA,1,2,2,5,5,5,3,3,6,3,2,3,5,2,5,5,1,1,1,2,"< 4-yr-Degree","Republican"
"874",418063132,4,1,6,2,1,2,5,1,5,4,3,1,13,3,1,1,2,2,2,2,1,2,2,1,"4-yr-Degree +","Republican"
"875",410938271,4,1,5,2,1,2,1,4,6,4,2,1,16,3,1,2,3,3,3,3,2,2,2,1,"4-yr-Degree +","Republican"
"876",418068122,3,1,2,NA,1,2,7,5,5,3,2,3,5,3,2,3,5,5,5,5,2,2,1,1,"< 4-yr-Degree","Republican"
"877",414161321,3,2,3,NA,1,2,7,6,1,1,3,3,2,3,2,4,2,5,2,2,2,1,2,1,"< 4-yr-Degree","Democrat"
"878",414538976,3,1,3,NA,2,2,2,5,7,2,2,2,5,1,1,2,2,3,2,2,1,1,1,1,"< 4-yr-Degree","Republican"
"879",413570300,3,2,3,1,1,2,1,1,7,5,1,2,8,3,1,2,2,2,2,2,1,1,2,1,"< 4-yr-Degree","Republican"
"880",412307617,4,2,3,1,1,2,5,1,1,2,2,1,8,2,2,4,3,3,3,3,2,2,2,1,"< 4-yr-Degree","Democrat"
"881",412815335,2,2,1,2,1,2,6,5,1,2,2,2,2,3,2,4,5,2,5,2,1,1,1,2,"< 4-yr-Degree","Democrat"
"882",411494468,3,1,3,2,7,2,1,1,7,5,2,1,12,3,1,1,3,2,2,2,1,1,2,1,"< 4-yr-Degree","Republican"
"883",412324156,2,1,2,2,1,2,5,1,2,3,2,3,10,2,2,2,3,3,3,5,2,1,1,1,"< 4-yr-Degree","Democrat"
"884",412282924,3,2,5,1,2,2,1,5,2,3,3,3,3,2,2,3,2,2,3,3,2,1,1,2,"4-yr-Degree +","Democrat"
"885",415591173,4,1,6,2,1,2,1,5,2,3,3,2,9,1,1,3,3,3,3,3,2,1,1,2,"4-yr-Degree +","Democrat"
"886",412524043,4,2,1,2,3,2,1,5,2,3,2,2,2,3,2,3,1,1,1,1,1,1,2,2,"< 4-yr-Degree","Democrat"
"887",415171063,4,2,4,1,3,2,1,1,1,4,2,3,3,3,2,4,2,2,5,5,1,1,1,1,"<4-yr-Degree","Democrat"
"888",412312551,3,1,6,1,1,2,1,5,3,3,3,1,3,1,1,4,2,5,5,5,1,1,2,1,"4-yr-Degree +","Democrat"
"889",416914516,4,1,5,2,1,2,1,5,1,2,4,2,5,3,2,3,5,3,3,5,2,2,2,1,"4-yr-Degree +","Democrat"
"890",414190559,3,2,3,2,1,2,6,5,5,4,2,2,10,3,2,1,5,5,5,5,1,1,2,1,"< 4-yr-Degree","Republican"
"891",413715710,3,2,5,1,1,2,1,1,1,1,4,1,9,2,1,4,2,2,2,2,2,2,2,1,"4-yr-Degree +","Democrat"
"892",411872051,3,1,5,2,1,2,5,2,6,4,1,1,10,2,1,1,2,2,2,2,1,1,1,1,"4-yr-Degree +","Republican"
"893",413913364,3,2,5,1,2,2,2,6,3,2,4,1,6,2,2,4,3,3,2,2,2,2,2,1,"4-yr-Degree +","Democrat"
"894",412047621,3,2,2,2,1,2,5,1,7,5,3,1,2,3,2,1,2,2,2,2,2,1,2,1,"< 4-yr-Degree","Republican"
"895",412349016,3,2,3,2,1,2,1,5,7,5,1,1,4,3,2,1,2,3,5,5,1,1,1,1,"< 4-yr-Degree","Republican"
"896",414671712,4,2,3,1,3,2,7,1,2,2,4,2,4,3,1,3,3,2,5,5,1,1,1,2,"< 4-yr-Degree","Democrat"
"897",415630186,3,1,5,2,1,2,5,1,1,2,4,1,9,3,1,4,2,3,3,2,2,1,1,1,"4-yr-Degree +","Democrat"
"898",412952200,3,1,2,2,1,2,6,1,1,1,1,1,4,3,1,4,2,2,2,2,2,2,2,2,"< 4-yr-Degree","Democrat"
"899",412012853,3,1,5,2,1,2,1,5,1,1,4,1,10,3,1,4,2,2,2,2,2,2,2,1,"4-yr-Degree +","Democrat"
"900",412960000,3,1,1,2,1,2,5,4,2,4,1,3,2,2,2,3,1,2,5,5,2,1,2,1,"< 4-yr-Degree","Democrat"
"901",414383102,3,1,2,2,1,2,1,5,6,4,4,1,8,3,1,1,3,2,2,2,1,1,1,2,"< 4-yr-Degree","Republican"
"902",412275565,1,2,4,2,1,2,4,5,1,1,4,1,2,3,2,4,3,3,3,3,2,1,1,1,"<4-yr-Degree","Democrat"
"903",417158481,2,2,2,2,1,2,7,1,1,3,1,3,5,3,2,2,1,3,2,2,1,1,1,2,"< 4-yr-Degree","Democrat"
"904",413193964,3,2,2,2,1,2,8,5,1,1,4,2,11,3,1,4,2,2,2,2,2,2,1,1,"< 4-yr-Degree","Democrat"
"905",416756456,1,1,3,2,1,2,5,1,7,5,1,1,7,3,1,1,3,2,5,5,1,1,1,1,"< 4-yr-Degree","Republican"
"906",411791437,1,2,5,2,1,2,5,6,5,4,2,2,12,2,1,2,2,3,3,3,1,1,1,1,"4-yr-Degree +","Republican"
"907",413292638,1,2,6,1,1,2,2,1,1,2,3,1,7,3,1,4,3,3,3,3,2,2,2,1,"4-yr-Degree +","Democrat"
"908",412243894,4,2,3,2,1,2,7,1,6,4,1,3,9,3,2,2,5,2,3,5,1,1,1,2,"< 4-yr-Degree","Republican"
"909",412339655,4,2,4,2,1,2,5,3,2,3,4,1,6,2,1,4,3,3,3,3,1,1,1,1,"<4-yr-Degree","Democrat"
"910",417436777,3,2,3,NA,1,2,8,5,1,2,3,2,13,3,1,4,2,2,2,2,2,1,1,1,"< 4-yr-Degree","Democrat"
"911",412391942,3,1,4,2,1,2,6,1,4,3,4,4,8,3,2,4,2,3,5,1,2,1,1,1,"<4-yr-Degree","Independent"
"912",411873621,1,2,5,2,1,2,1,1,1,1,3,1,9,3,2,4,3,3,2,NA,2,1,2,1,"4-yr-Degree +","Democrat"
"913",416592055,1,1,2,NA,1,2,1,1,5,3,2,3,10,1,2,2,2,3,3,5,1,2,2,1,"< 4-yr-Degree","Republican"
"914",410941146,3,2,3,1,1,2,1,5,2,1,3,4,2,3,2,4,2,2,3,1,2,1,1,2,"< 4-yr-Degree","Democrat"
"915",415212732,1,1,3,1,8,1,1,5,2,2,3,2,8,3,2,3,1,3,3,1,1,1,1,2,"< 4-yr-Degree","Democrat"
"916",413412672,2,1,2,2,1,2,2,5,2,4,2,3,3,3,2,3,2,3,3,3,1,1,1,2,"< 4-yr-Degree","Democrat"
"917",413860219,4,2,4,2,1,2,1,1,4,4,1,1,8,1,2,1,3,3,2,2,1,1,1,1,"<4-yr-Degree","Independent"
"918",413331405,3,2,4,1,1,2,1,5,1,1,4,1,5,3,1,4,2,3,5,5,2,2,1,1,"<4-yr-Degree","Democrat"
"919",419006322,2,2,4,1,1,2,7,1,3,2,4,1,4,2,2,4,2,5,3,5,2,1,2,1,"<4-yr-Degree","Democrat"
"920",418924611,3,2,2,NA,1,2,7,1,4,3,3,3,3,NA,2,3,3,1,3,3,1,2,2,2,"< 4-yr-Degree","Independent"
"921",412815779,2,1,5,2,1,2,5,1,2,3,2,2,5,1,1,2,2,2,3,2,1,2,2,1,"4-yr-Degree +","Democrat"
"922",412204536,3,1,6,1,1,2,8,5,5,4,2,1,1,3,2,2,3,2,2,2,1,1,2,1,"4-yr-Degree +","Republican"
"923",412398216,2,1,3,2,1,2,1,3,3,3,1,1,8,3,1,4,2,2,3,3,2,1,1,1,"< 4-yr-Degree","Democrat"
"924",414976050,3,2,6,1,1,2,1,5,4,3,2,1,6,3,1,2,2,2,2,2,1,1,1,1,"4-yr-Degree +","Independent"
"925",413380512,3,2,5,1,1,2,4,5,7,4,1,2,1,3,2,1,2,2,2,5,1,2,2,1,"4-yr-Degree +","Republican"
"926",414432457,1,1,1,2,6,1,1,5,5,4,2,1,6,2,2,1,3,3,3,1,1,1,2,1,"< 4-yr-Degree","Republican"
"927",414518004,1,2,2,2,1,2,2,3,2,2,2,2,2,3,2,4,3,3,2,3,2,2,2,1,"< 4-yr-Degree","Democrat"
"928",419001192,2,1,5,NA,1,2,1,1,1,1,4,1,14,3,1,4,2,3,3,3,2,1,2,1,"4-yr-Degree +","Democrat"
"929",414191547,1,2,3,2,2,2,5,6,1,5,1,1,2,2,2,4,3,5,2,3,2,2,2,1,"< 4-yr-Degree","Democrat"
"930",418063225,1,1,5,2,1,2,1,1,4,4,4,1,8,1,1,1,3,3,2,2,1,1,1,1,"4-yr-Degree +","Independent"
"931",418854282,1,1,6,1,1,2,1,1,7,5,2,1,10,2,1,1,2,2,2,2,1,1,1,1,"4-yr-Degree +","Republican"
"932",414185782,4,2,5,1,1,2,1,6,2,2,4,2,8,3,2,3,3,2,3,3,2,1,2,1,"4-yr-Degree +","Democrat"
"933",414734196,1,2,3,NA,1,2,1,5,7,4,2,1,9,3,2,1,3,5,3,2,1,1,1,2,"< 4-yr-Degree","Republican"
"934",414179776,3,2,2,2,1,2,6,3,7,5,1,2,3,3,2,1,2,2,2,2,1,2,2,1,"< 4-yr-Degree","Republican"
"935",413204395,3,2,2,2,1,2,2,4,4,3,1,3,2,3,2,3,4,4,4,4,1,2,2,1,"< 4-yr-Degree","Independent"
"936",417837666,3,1,6,2,1,2,5,5,1,2,1,1,7,3,1,4,2,2,2,3,2,1,2,1,"4-yr-Degree +","Democrat"
"937",414219538,3,2,5,2,1,1,2,1,7,5,1,1,8,3,1,1,2,3,2,2,1,2,2,1,"4-yr-Degree +","Republican"
"938",413020073,3,2,2,2,1,2,5,3,1,4,1,2,2,3,2,4,2,2,2,2,1,2,2,1,"< 4-yr-Degree","Democrat"
"939",418306559,4,2,5,2,3,2,7,1,2,2,2,1,3,3,2,4,2,2,2,3,2,1,1,1,"4-yr-Degree +","Democrat"
"940",418116738,2,1,1,2,1,2,6,5,3,2,1,4,4,3,2,4,1,1,5,1,1,2,1,2,"< 4-yr-Degree","Democrat"
"941",420192165,3,2,3,2,1,2,5,4,4,4,1,2,9,3,2,3,5,5,5,5,1,1,1,1,"< 4-yr-Degree","Independent"
"942",416472207,2,2,2,NA,1,2,5,4,2,2,3,2,3,2,1,4,2,3,5,5,1,1,1,1,"< 4-yr-Degree","Democrat"
"943",416335638,4,2,3,1,3,2,2,5,1,1,3,2,4,3,2,4,2,5,5,5,2,1,2,2,"< 4-yr-Degree","Democrat"
"944",411984486,2,2,5,2,1,2,2,1,7,5,1,1,3,3,2,4,2,2,2,2,2,1,1,1,"4-yr-Degree +","Republican"
"945",415676776,3,2,4,1,1,2,7,1,5,4,1,2,7,3,1,3,3,3,3,2,1,1,1,1,"<4-yr-Degree","Republican"
"946",414362101,1,2,2,2,1,2,2,4,7,4,1,1,4,1,2,1,3,3,3,2,1,1,1,1,"< 4-yr-Degree","Republican"
"947",413800647,3,2,3,NA,1,2,7,1,4,3,4,4,9,3,2,3,5,5,5,1,1,1,2,1,"< 4-yr-Degree","Independent"
"948",412391730,2,1,6,2,1,2,1,5,1,2,4,1,9,3,1,4,2,2,3,3,2,2,2,2,"4-yr-Degree +","Democrat"
"949",412905800,3,1,2,2,1,2,1,1,7,5,2,1,16,2,1,1,2,2,2,2,1,2,1,1,"< 4-yr-Degree","Republican"
"950",414379114,2,1,2,2,1,2,2,5,5,4,2,1,6,3,2,1,3,3,3,5,1,2,2,2,"< 4-yr-Degree","Republican"
"951",413432066,3,1,3,2,2,2,1,5,2,2,2,2,4,3,2,4,2,2,2,2,2,2,2,1,"< 4-yr-Degree","Democrat"
"952",420128728,3,2,3,2,1,2,1,1,7,3,1,2,6,3,2,2,2,2,3,2,2,1,1,1,"< 4-yr-Degree","Republican"
"953",410933174,2,1,5,2,1,2,1,3,5,5,1,1,8,3,2,1,2,2,3,3,1,1,1,1,"4-yr-Degree +","Republican"
"954",419690598,3,1,4,2,1,2,1,1,3,3,2,1,9,3,1,4,3,3,3,2,2,2,2,1,"<4-yr-Degree","Democrat"
"955",415545763,2,2,6,1,1,2,1,1,1,1,3,2,9,1,1,4,2,2,3,2,2,2,2,2,"4-yr-Degree +","Democrat"
"956",414327580,3,2,2,2,1,2,5,1,6,4,1,1,5,3,1,2,2,2,2,2,2,1,1,1,"< 4-yr-Degree","Republican"
"957",412022594,1,2,5,2,1,2,5,3,1,2,3,2,9,3,1,4,3,3,2,2,2,1,1,1,"4-yr-Degree +","Democrat"
"958",414091490,2,2,3,2,2,2,2,5,3,2,4,1,5,3,2,4,2,3,3,3,2,1,2,2,"< 4-yr-Degree","Democrat"
"959",414842386,4,2,3,2,4,2,8,5,1,2,4,2,11,3,2,4,3,5,3,5,2,1,1,2,"< 4-yr-Degree","Democrat"
"960",417841646,2,2,2,2,1,2,6,1,2,1,3,3,2,2,2,4,2,3,3,3,2,1,1,1,"< 4-yr-Degree","Democrat"
"961",413327747,3,2,6,1,1,2,4,5,1,1,3,1,2,3,2,4,2,3,2,3,2,1,2,1,"4-yr-Degree +","Democrat"
"962",418227956,1,1,3,NA,1,2,8,5,1,1,4,1,2,3,2,4,2,1,3,5,2,1,1,1,"< 4-yr-Degree","Democrat"
"963",417619375,2,1,6,2,1,2,5,1,1,3,1,2,7,3,1,4,2,2,2,2,2,1,2,1,"4-yr-Degree +","Democrat"
"964",412003311,3,1,5,2,1,2,9,5,7,4,4,1,1,2,1,1,2,3,3,3,1,1,2,1,"4-yr-Degree +","Republican"
"965",415226726,3,2,3,2,1,2,1,6,4,3,3,1,2,3,2,4,5,5,5,5,2,1,1,1,"< 4-yr-Degree","Independent"
"966",412999988,3,1,3,2,1,2,1,2,2,2,2,2,6,2,1,2,2,3,2,3,1,1,2,1,"< 4-yr-Degree","Democrat"
"967",417615837,2,2,2,2,1,2,1,1,1,1,2,1,9,3,1,4,2,3,2,2,2,1,2,1,"< 4-yr-Degree","Democrat"
"968",412534260,2,1,2,2,2,2,5,1,4,4,1,1,3,2,2,1,5,3,2,2,1,1,1,1,"< 4-yr-Degree","Independent"
"969",416653141,1,2,6,1,1,2,1,1,2,3,4,2,13,3,1,4,3,3,3,3,1,1,2,1,"4-yr-Degree +","Democrat"
"970",412374726,1,2,3,1,1,2,8,5,3,3,4,4,1,3,2,2,5,5,5,5,1,1,1,2,"< 4-yr-Degree","Democrat"
"971",414506279,3,2,1,2,1,2,5,1,7,4,2,2,7,2,1,1,2,2,2,2,1,1,1,1,"< 4-yr-Degree","Republican"
"972",413001437,1,1,2,2,1,2,5,1,7,4,1,1,10,3,1,1,3,3,3,3,1,1,1,1,"< 4-yr-Degree","Republican"
"973",419596968,3,1,3,2,1,2,5,1,4,4,3,3,11,2,2,1,2,2,2,3,1,1,2,1,"< 4-yr-Degree","Independent"
"974",415708845,2,1,4,2,2,2,2,5,1,2,2,1,3,3,2,1,5,2,5,2,1,2,2,1,"<4-yr-Degree","Democrat"
"975",412290979,4,1,6,2,1,2,5,6,1,1,4,1,5,2,1,4,3,3,3,3,2,1,1,1,"4-yr-Degree +","Democrat"
"976",414231501,3,2,2,2,1,2,5,3,2,4,1,3,2,3,2,2,3,3,3,3,1,1,1,1,"< 4-yr-Degree","Democrat"
"977",413632505,2,2,3,1,1,2,7,1,7,4,1,1,4,3,2,1,5,3,2,2,1,1,1,1,"< 4-yr-Degree","Republican"
"978",415341672,1,2,3,1,1,2,5,4,4,3,2,3,2,3,2,2,5,5,5,5,1,1,1,1,"< 4-yr-Degree","Independent"
"979",416718487,2,1,2,NA,1,2,6,5,3,2,4,1,2,3,2,4,1,3,5,2,2,1,1,2,"< 4-yr-Degree","Democrat"
"980",412333988,3,2,2,2,1,2,1,1,7,4,1,1,4,3,2,1,2,2,2,2,1,1,1,2,"< 4-yr-Degree","Republican"
"981",413086828,3,1,5,1,1,2,1,5,6,4,1,1,4,3,2,3,2,2,2,2,1,2,2,1,"4-yr-Degree +","Republican"
"982",411885475,2,1,6,2,1,2,5,3,5,4,2,1,2,3,1,2,3,5,3,3,1,1,2,1,"4-yr-Degree +","Republican"
"983",413379901,1,2,5,2,3,2,1,3,1,2,2,1,9,1,2,4,3,3,5,3,2,1,2,2,"4-yr-Degree +","Democrat"
"984",412311020,4,1,3,2,1,2,5,1,7,5,1,1,6,3,1,1,3,3,3,2,1,2,2,1,"< 4-yr-Degree","Republican"
"985",412350107,1,2,3,2,2,2,2,4,2,2,1,2,2,3,2,4,2,3,2,5,2,1,2,1,"< 4-yr-Degree","Democrat"
"986",411873042,4,1,5,2,4,2,5,1,1,3,4,1,12,2,1,4,3,3,3,3,1,1,1,1,"4-yr-Degree +","Democrat"
"987",410922953,4,2,3,2,1,2,5,3,3,2,4,1,3,2,1,4,2,2,2,2,2,1,2,1,"< 4-yr-Degree","Democrat"
"988",413869858,4,2,1,NA,3,2,7,5,7,2,1,1,2,3,2,4,3,5,5,5,2,2,2,2,"< 4-yr-Degree","Republican"
"989",413261069,1,1,3,2,1,1,1,3,5,3,2,1,6,1,1,1,3,3,3,3,1,1,1,1,"< 4-yr-Degree","Republican"
"990",412379539,4,1,2,2,1,2,6,3,5,4,2,1,2,3,2,1,3,3,2,5,1,1,1,1,"< 4-yr-Degree","Republican"
"991",410745596,3,2,4,2,4,2,1,1,5,3,2,2,4,3,2,2,2,3,3,5,1,1,2,2,"<4-yr-Degree","Republican"
"992",414118145,1,1,4,2,1,2,1,6,2,4,3,2,3,3,2,2,3,2,3,2,1,1,1,2,"<4-yr-Degree","Democrat"
"993",412285035,1,2,2,2,1,2,7,1,5,3,3,1,6,1,1,2,3,3,3,3,1,1,1,1,"< 4-yr-Degree","Republican"
"994",413120971,3,2,4,2,1,2,1,1,5,5,1,2,7,3,2,2,5,5,5,5,2,2,1,1,"<4-yr-Degree","Republican"
"995",412324065,3,2,6,2,1,2,1,1,3,3,1,1,10,1,1,4,2,2,2,2,2,1,1,1,"4-yr-Degree +","Democrat"
"996",410945270,2,1,6,2,1,2,5,1,3,3,2,1,14,3,1,4,2,2,3,2,2,1,2,1,"4-yr-Degree +","Democrat"
"997",414240025,2,2,5,1,2,2,1,5,1,2,2,3,6,3,2,4,2,3,3,2,2,2,1,2,"4-yr-Degree +","Democrat"
"998",420156780,2,2,5,2,1,2,1,5,2,3,3,1,6,3,1,4,2,2,3,2,1,2,2,1,"4-yr-Degree +","Democrat"
"999",412382118,2,2,6,NA,3,2,5,1,5,4,1,1,9,3,1,1,2,2,2,2,1,1,1,1,"4-yr-Degree +","Republican"
"1000",414206234,2,1,1,NA,7,2,4,5,4,5,1,2,1,3,2,4,1,3,1,1,1,1,1,1,"< 4-yr-Degree","Independent"
